id,first_name,last_name,email,gender,ip_address
1101,Adah,Brennand,abrennand0@senate.gov,Female,130.143.66.41
1102,Liesa,Faull,lfaull1@hhs.gov,Female,64.116.254.133
1103,Geralda,Benz,gbenz2@barnesandnoble.com,Female,144.162.193.9
1104,Forest,Filintsev,ffilintsev3@simplemachines.org,Male,185.220.242.253
1105,Kynthia,Warin,kwarin4@opensource.org,Female,214.210.179.191
1106,Perri,Gylle,pgylle5@boston.com,Female,84.140.94.229
1107,Letisha,McKinnon,lmckinnon6@hubpages.com,Female,214.86.128.38
1108,Maryjane,Jedrzaszkiewicz,mjedrzaszkiewicz7@cnet.com,Female,7.225.67.15
1109,Sandy,Dobell,sdobell8@ocn.ne.jp,Female,98.150.140.126
1110,Eugenius,Aulsford,eaulsford9@noaa.gov,Male,141.189.53.117
1111,Heall,Dudill,hdudilla@kickstarter.com,Male,12.223.4.209
1112,Chico,Markova,cmarkovab@tripadvisor.com,Male,16.196.152.232
1113,Clayton,Bransdon,cbransdonc@nhs.uk,Male,166.111.102.3
1114,Tomasina,Pringuer,tpringuerd@nydailynews.com,Female,77.21.1.121
1115,Nadya,Lait,nlaite@biblegateway.com,Female,127.219.201.237
1116,Judy,Pates,jpatesf@mapquest.com,Female,112.155.208.118
1117,Laura,Dadley,ldadleyg@histats.com,Female,227.140.190.103
1118,Lorne,Hemshall,lhemshallh@mit.edu,Female,211.206.77.111
1119,Laraine,Risdale,lrisdalei@kickstarter.com,Female,180.208.230.191
1120,Larina,Woolham,lwoolhamj@buzzfeed.com,Female,153.97.162.226
1121,Orelia,Wabersinke,owabersinkek@nbcnews.com,Genderqueer,154.49.226.142
1122,Selina,McSkin,smcskinl@mapy.cz,Female,206.242.110.174
1123,Joete,Oki,jokim@timesonline.co.uk,Female,97.229.213.253
1124,Eduardo,Greenman,egreenmann@addtoany.com,Male,63.174.145.38
1125,Jaime,Libreros,jlibreroso@diigo.com,Male,26.26.45.44
1126,Genia,Mc Mechan,gmcmechanp@yahoo.com,Female,156.131.74.155
1127,Amalita,Maudett,amaudettq@wunderground.com,Female,131.129.162.156
1128,Anneliese,Boas,aboasr@go.com,Female,132.220.192.237
1129,Margaux,Jotcham,mjotchams@spotify.com,Female,19.186.243.90
1130,Tybi,Brideaux,tbrideauxt@google.fr,Female,95.1.255.114
1131,Debora,Boldero,dbolderou@thetimes.co.uk,Female,23.220.127.238
1132,Roxy,Berrill,rberrillv@cafepress.com,Female,157.230.148.247
1133,Dominique,Arnaudet,darnaudetw@ed.gov,Female,11.147.40.219
1134,Golda,Bernet,gbernetx@newsvine.com,Female,187.54.194.109
1135,Lynnelle,Youster,lyoustery@wp.com,Female,106.135.96.217
1136,Dyanna,Deener,ddeenerz@pagesperso-orange.fr,Female,5.246.91.182
1137,Shelbi,Bellin,sbellin10@vistaprint.com,Female,234.242.176.65
1138,Donetta,Colclough,dcolclough11@webeden.co.uk,Genderfluid,20.179.44.168
1139,Christoper,Sabban,csabban12@businessweek.com,Male,110.136.119.61
1140,Mayor,Churchlow,mchurchlow13@cnbc.com,Male,175.66.207.190
1141,Caroline,Pilger,cpilger14@huffingtonpost.com,Female,159.193.29.54
1142,Orrin,Janiszewski,ojaniszewski15@com.com,Male,94.54.124.45
1143,Brietta,Peiser,bpeiser16@harvard.edu,Non-binary,35.26.208.112
1144,Guenna,Tidcombe,gtidcombe17@opera.com,Female,128.157.230.39
1145,Fergus,Oby,foby18@npr.org,Male,76.247.145.205
1146,Pincas,Coots,pcoots19@zimbio.com,Male,115.110.133.219
1147,Sharia,Fielden,sfielden1a@state.gov,Female,229.106.34.96
1148,Dyan,Krates,dkrates1b@free.fr,Female,46.200.66.139
1149,Roseline,Gillyett,rgillyett1c@cdbaby.com,Agender,153.233.137.111
1150,Aldous,Rodenburg,arodenburg1d@domainmarket.com,Male,87.72.45.63
1151,Anastassia,Vasilyevski,avasilyevski1e@msn.com,Female,252.20.43.190
1152,Jamie,Frankes,jfrankes1f@sfgate.com,Male,245.214.96.251
1153,Lib,Cockram,lcockram1g@imdb.com,Female,248.113.69.194
1154,Margery,Ferentz,mferentz1h@wired.com,Female,238.99.149.142
1155,Tanitansy,Absolon,tabsolon1i@purevolume.com,Genderfluid,128.254.149.58
1156,Delora,Littlefield,dlittlefield1j@g.co,Female,81.60.114.210
1157,Calhoun,Waller-Bridge,cwallerbridge1k@wired.com,Male,49.9.132.87
1158,Elijah,Bunce,ebunce1l@wikispaces.com,Male,225.25.181.200
1159,Helene,Lamberteschi,hlamberteschi1m@youtube.com,Agender,17.134.245.190
1160,Pablo,Mirams,pmirams1n@time.com,Male,51.118.229.179
1161,Bevin,Lapworth,blapworth1o@bing.com,Male,9.218.3.64
1162,Selena,Thewless,sthewless1p@mozilla.com,Female,117.90.218.166
1163,Niles,Loyns,nloyns1q@sbwire.com,Male,211.163.60.124
1164,Ralina,Stickells,rstickells1r@dell.com,Female,130.94.122.148
1165,Emylee,Sconce,esconce1s@amazon.co.jp,Bigender,109.164.215.199
1166,Kaylee,Palluschek,kpalluschek1t@pen.io,Female,157.149.13.101
1167,Josi,Marushak,jmarushak1u@ycombinator.com,Female,122.111.158.235
1168,Emilie,Cockland,ecockland1v@marketwatch.com,Female,208.223.37.168
1169,Ardath,Posse,aposse1w@nps.gov,Female,132.21.4.130
1170,Clari,Hendrikse,chendrikse1x@joomla.org,Female,233.99.15.238
1171,Gustave,Ruberti,gruberti1y@cnet.com,Male,170.48.130.173
1172,Jake,Bodycomb,jbodycomb1z@wikia.com,Male,146.52.35.74
1173,Carlina,Fairholm,cfairholm20@kickstarter.com,Female,5.161.144.104
1174,Kessiah,Kaminski,kkaminski21@deliciousdays.com,Female,39.65.252.180
1175,Persis,Waiton,pwaiton22@slate.com,Female,34.8.185.13
1176,Mischa,Prover,mprover23@phpbb.com,Male,148.151.82.146
1177,Sosanna,Skoyles,sskoyles24@artisteer.com,Female,78.242.151.10
1178,Chev,Clogg,cclogg25@seattletimes.com,Male,51.21.1.152
1179,Mauricio,Campkin,mcampkin26@ezinearticles.com,Male,26.217.121.60
1180,Jesselyn,Finding,jfinding27@sakura.ne.jp,Female,36.147.110.19
1181,Mortimer,Forsbey,mforsbey28@godaddy.com,Male,1.232.145.28
1182,Charlena,Boards,cboards29@gmpg.org,Female,116.182.16.9
1183,Sharona,Jugging,sjugging2a@mozilla.com,Female,44.14.72.216
1184,Gerrilee,Sillis,gsillis2b@newyorker.com,Female,179.141.29.9
1185,Tristan,Del Monte,tdelmonte2c@washington.edu,Male,20.76.78.108
1186,Jarret,Wickendon,jwickendon2d@reverbnation.com,Male,71.197.165.72
1187,Carlina,Stanmore,cstanmore2e@yellowbook.com,Female,200.101.105.72
1188,Reynold,Guy,rguy2f@bloglines.com,Male,87.15.140.97
1189,Zebadiah,Goodby,zgoodby2g@hp.com,Genderqueer,12.46.90.119
1190,Kacey,Frangione,kfrangione2h@quantcast.com,Female,146.34.50.138
1191,Powell,Bayle,pbayle2i@123-reg.co.uk,Male,14.190.111.179
1192,Townie,Niesegen,tniesegen2j@theatlantic.com,Genderfluid,77.3.240.5
1193,Caro,Brehat,cbrehat2k@woothemes.com,Female,211.85.179.105
1194,Allyn,Broxholme,abroxholme2l@hhs.gov,Female,38.78.165.223
1195,Chery,Perico,cperico2m@cocolog-nifty.com,Female,170.175.35.51
1196,Ignaz,Jenner,ijenner2n@nyu.edu,Male,28.200.135.42
1197,Celle,Iglesia,ciglesia2o@yandex.ru,Female,34.97.158.109
1198,Doreen,Benes,dbenes2p@youku.com,Non-binary,120.217.112.60
1199,Maxwell,Scotting,mscotting2q@weibo.com,Male,239.182.102.93
1200,Silvanus,Jonson,sjonson2r@moonfruit.com,Male,62.98.156.133
1201,Emmy,Farrens,efarrens2s@vk.com,Male,225.126.82.27
1202,Ransell,Quilliam,rquilliam2t@earthlink.net,Male,124.148.249.16
1203,Alana,Tansey,atansey2u@paginegialle.it,Female,14.174.129.95
1204,Ibbie,McCollum,imccollum2v@nih.gov,Female,208.19.173.248
1205,Barbi,Adicot,badicot2w@soundcloud.com,Genderfluid,215.251.243.77
1206,Torie,Birkett,tbirkett2x@japanpost.jp,Female,210.154.166.5
1207,Quentin,Werndley,qwerndley2y@wired.com,Non-binary,143.66.137.80
1208,Sisely,Fludder,sfludder2z@dot.gov,Female,71.179.19.51
1209,Avrom,MacConnechie,amacconnechie30@amazon.com,Agender,57.186.6.214
1210,Wittie,Morcom,wmorcom31@ted.com,Male,157.7.231.109
1211,Mora,Lumox,mlumox32@canalblog.com,Female,167.194.91.100
1212,Tiebout,Cheng,tcheng33@jugem.jp,Male,228.234.162.56
1213,Kellyann,Kaesmans,kkaesmans34@google.com.br,Bigender,169.214.72.46
1214,Goraud,Lancastle,glancastle35@goo.gl,Male,246.176.34.14
1215,Rasla,Hambrick,rhambrick36@nydailynews.com,Female,199.211.165.192
1216,Gabriel,Spickett,gspickett37@pbs.org,Male,174.161.135.102
1217,Krispin,Rigby,krigby38@jiathis.com,Non-binary,58.210.69.200
1218,Helsa,Brannan,hbrannan39@dailymail.co.uk,Female,210.85.227.140
1219,Inge,Beadles,ibeadles3a@bandcamp.com,Female,27.39.135.125
1220,Gertruda,Averies,gaveries3b@sun.com,Female,236.144.196.123
1221,Daryl,Berrill,dberrill3c@washington.edu,Male,89.199.248.91
1222,Fernanda,Paireman,fpaireman3d@spotify.com,Agender,221.14.121.224
1223,Claresta,Diffley,cdiffley3e@tmall.com,Non-binary,5.230.90.168
1224,Boyce,MacCafferky,bmaccafferky3f@furl.net,Male,130.109.230.86
1225,Walker,Pullinger,wpullinger3g@technorati.com,Male,95.13.120.57
1226,Tabbitha,Spacy,tspacy3h@facebook.com,Female,122.9.179.23
1227,Grove,O'Bradden,gobradden3i@go.com,Male,176.149.39.93
1228,Mandy,Martineau,mmartineau3j@archive.org,Female,46.131.139.150
1229,Hersh,Skarman,hskarman3k@google.fr,Male,117.175.25.1
1230,Brittani,Sudddard,bsudddard3l@weebly.com,Female,149.52.61.241
1231,Sax,Hickisson,shickisson3m@buzzfeed.com,Male,242.146.0.242
1232,Tasia,Pankethman,tpankethman3n@soundcloud.com,Female,204.3.253.5
1233,Tommy,Austing,tausting3o@engadget.com,Male,3.205.150.197
1234,Caryl,Bouch,cbouch3p@prnewswire.com,Female,220.140.247.126
1235,Lotte,Swadon,lswadon3q@gravatar.com,Female,56.16.116.231
1236,Maurizio,Donnell,mdonnell3r@booking.com,Male,43.207.128.171
1237,Gabby,Tetla,gtetla3s@feedburner.com,Male,147.243.229.195
1238,Billye,Castiello,bcastiello3t@wufoo.com,Female,28.54.27.97
1239,Gifford,Nannetti,gnannetti3u@europa.eu,Male,204.19.58.51
1240,Matthus,Benthall,mbenthall3v@phoca.cz,Male,124.248.213.21
1241,Vasilis,Bissex,vbissex3w@acquirethisname.com,Male,96.36.18.18
1242,Neron,Gillyett,ngillyett3x@github.io,Male,174.172.117.236
1243,Hedy,Witul,hwitul3y@economist.com,Female,235.97.108.41
1244,Feodor,Ascroft,fascroft3z@narod.ru,Male,137.61.253.139
1245,Darby,Mattea,dmattea40@statcounter.com,Female,153.178.156.44
1246,Desmond,Brimilcombe,dbrimilcombe41@wunderground.com,Male,189.160.5.253
1247,Hayden,Keeley,hkeeley42@google.co.uk,Male,214.209.165.132
1248,Stern,Oakenford,soakenford43@about.com,Male,75.224.188.179
1249,Silvano,Bellenger,sbellenger44@guardian.co.uk,Bigender,140.112.164.38
1250,Jocelin,Geane,jgeane45@amazonaws.com,Female,107.151.206.178
1251,Wallie,Warcup,wwarcup46@nsw.gov.au,Female,79.112.217.30
1252,Darb,Azam,dazam47@guardian.co.uk,Female,128.170.251.8
1253,Mada,Pogson,mpogson48@discovery.com,Female,34.179.27.64
1254,Nathan,Salliere,nsalliere49@admin.ch,Male,245.217.103.85
1255,Marilyn,Huntingdon,mhuntingdon4a@sciencedaily.com,Genderfluid,1.246.50.154
1256,Leonidas,Bosquet,lbosquet4b@reuters.com,Male,246.140.219.89
1257,Emilia,Daniels,edaniels4c@stanford.edu,Female,162.240.242.10
1258,Field,McEllen,fmcellen4d@lycos.com,Bigender,162.248.93.75
1259,Andras,Peacey,apeacey4e@prnewswire.com,Male,241.211.89.235
1260,Midge,Bosworth,mbosworth4f@ning.com,Female,79.142.243.97
1261,Sinclare,Greyes,sgreyes4g@usatoday.com,Male,98.78.14.154
1262,Rodolph,Christescu,rchristescu4h@printfriendly.com,Male,47.97.35.7
1263,Waite,Matias,wmatias4i@soundcloud.com,Genderqueer,219.245.106.201
1264,Andie,Niemiec,aniemiec4j@angelfire.com,Male,115.165.195.240
1265,Drona,MacGaughy,dmacgaughy4k@multiply.com,Female,185.159.254.233
1266,Benedicto,O'Nolan,bonolan4l@forbes.com,Male,175.242.161.196
1267,Wynny,Godar,wgodar4m@census.gov,Female,110.232.133.16
1268,Renee,Allen,rallen4n@dion.ne.jp,Female,181.199.13.212
1269,Bessie,Fossett,bfossett4o@hc360.com,Agender,136.51.205.161
1270,Brandea,Woolfoot,bwoolfoot4p@a8.net,Female,156.187.181.24
1271,Christy,Shakesby,cshakesby4q@aboutads.info,Male,224.81.73.147
1272,Jobye,Friary,jfriary4r@google.pl,Female,234.176.150.104
1273,Arte,Piegrome,apiegrome4s@xing.com,Male,81.211.0.168
1274,Kylie,Wyleman,kwyleman4t@tripadvisor.com,Male,24.5.82.232
1275,Twila,Blowing,tblowing4u@github.io,Female,108.141.251.246
1276,Nikita,Lealle,nlealle4v@plala.or.jp,Male,122.159.103.13
1277,Fitz,Curton,fcurton4w@deviantart.com,Polygender,62.8.122.164
1278,Claudina,Duckinfield,cduckinfield4x@linkedin.com,Female,60.108.238.72
1279,Mitchel,Camocke,mcamocke4y@360.cn,Polygender,140.14.28.47
1280,Lucita,Eby,leby4z@google.nl,Female,101.131.96.46
1281,Alaric,Bolden,abolden50@ustream.tv,Male,18.0.65.244
1282,Farrel,Couves,fcouves51@smh.com.au,Male,37.254.78.134
1283,Robert,Higgoe,rhiggoe52@shareasale.com,Male,247.19.58.230
1284,Kirsteni,Climar,kclimar53@google.ca,Female,180.17.183.17
1285,Etienne,Akeherst,eakeherst54@sun.com,Male,157.84.103.214
1286,Tessy,Tilio,ttilio55@blog.com,Female,242.48.129.181
1287,Eduardo,Sherry,esherry56@tmall.com,Male,151.9.124.242
1288,Chaim,Scarman,cscarman57@accuweather.com,Polygender,149.53.0.212
1289,Yancy,Budibent,ybudibent58@squarespace.com,Male,94.74.180.167
1290,Kellby,Fassbender,kfassbender59@salon.com,Male,43.109.237.95
1291,Sella,Torns,storns5a@netvibes.com,Female,26.87.165.151
1292,Donal,Stormonth,dstormonth5b@scientificamerican.com,Male,14.12.174.221
1293,Broderic,Shovlar,bshovlar5c@cocolog-nifty.com,Male,43.65.132.149
1294,Dale,Moughton,dmoughton5d@biblegateway.com,Male,223.112.14.33
1295,Basilio,Pritchard,bpritchard5e@narod.ru,Male,92.106.70.47
1296,Marillin,Benner,mbenner5f@last.fm,Female,101.50.216.101
1297,Cherilynn,Cosley,ccosley5g@time.com,Female,63.185.130.81
1298,Mariette,Ionesco,mionesco5h@meetup.com,Female,197.112.187.21
1299,Christiane,Sandever,csandever5i@biblegateway.com,Female,160.56.13.216
1300,Caitlin,Linggood,clinggood5j@blogs.com,Female,64.106.141.15
1301,Moritz,Brissard,mbrissard5k@godaddy.com,Male,142.41.121.200
1302,Davita,Bretland,dbretland5l@unesco.org,Female,5.147.215.171
1303,Vanessa,Brightman,vbrightman5m@sun.com,Female,17.109.151.19
1304,Teddie,Galliford,tgalliford5n@time.com,Female,216.59.14.243
1305,Blinny,Kikke,bkikke5o@storify.com,Genderqueer,123.107.188.46
1306,Charmaine,Astling,castling5p@theguardian.com,Polygender,216.30.27.151
1307,Lothario,Anderbrugge,landerbrugge5q@economist.com,Genderqueer,75.243.181.132
1308,Jehu,Matschuk,jmatschuk5r@nps.gov,Non-binary,7.27.172.185
1309,Abbey,Reily,areily5s@vimeo.com,Female,201.168.100.255
1310,Horacio,Schruurs,hschruurs5t@cpanel.net,Agender,235.178.96.50
1311,Kaila,Cullingford,kcullingford5u@miitbeian.gov.cn,Female,198.177.88.71
1312,Myer,Odgaard,modgaard5v@ustream.tv,Male,49.119.73.120
1313,Bennie,Harwood,bharwood5w@apple.com,Female,33.78.11.147
1314,Cullie,Shutte,cshutte5x@mapquest.com,Male,32.81.216.87
1315,Worthington,Fibbit,wfibbit5y@accuweather.com,Male,132.209.254.219
1316,Ara,Dougary,adougary5z@sitemeter.com,Male,163.105.126.35
1317,Brig,Praundl,bpraundl60@biglobe.ne.jp,Male,233.97.186.186
1318,Christabel,Browne,cbrowne61@ask.com,Female,250.222.118.81
1319,Sherry,Tryme,stryme62@alibaba.com,Female,130.221.138.106
1320,Ramon,Halliberton,rhalliberton63@ted.com,Male,250.191.244.30
1321,Cassy,Grishanov,cgrishanov64@shinystat.com,Female,95.95.108.47
1322,Lennie,Sendall,lsendall65@wix.com,Male,251.136.68.125
1323,Conrado,McCanny,cmccanny66@sfgate.com,Male,57.97.118.116
1324,Edwin,Baurerich,ebaurerich67@cdbaby.com,Male,99.234.220.96
1325,Marthena,Boreham,mboreham68@whitehouse.gov,Female,129.134.227.108
1326,Cletis,Seedman,cseedman69@slate.com,Male,198.114.32.204
1327,Haily,Elvins,helvins6a@disqus.com,Genderfluid,203.78.135.236
1328,Calley,Glencrosche,cglencrosche6b@google.com,Female,118.170.124.52
1329,Gibby,MacIlhagga,gmacilhagga6c@census.gov,Male,220.95.125.133
1330,Panchito,Rozea,prozea6d@seattletimes.com,Male,250.119.85.138
1331,Mathew,Whithorn,mwhithorn6e@networkadvertising.org,Male,58.146.225.246
1332,Lorin,Laurenz,llaurenz6f@howstuffworks.com,Genderqueer,164.210.187.240
1333,Amandi,O'Dowling,aodowling6g@topsy.com,Female,195.145.20.186
1334,Gavin,Ashman,gashman6h@prlog.org,Male,220.191.190.255
1335,Antoni,Creamen,acreamen6i@networksolutions.com,Male,202.82.154.218
1336,Bel,Gavini,bgavini6j@wikipedia.org,Female,92.60.220.147
1337,Cinnamon,Ridding,cridding6k@reuters.com,Female,248.142.115.0
1338,Milka,Willerstone,mwillerstone6l@studiopress.com,Female,250.180.124.120
1339,Seymour,Mathivat,smathivat6m@gov.uk,Male,244.27.29.95
1340,Christalle,Martin,cmartin6n@state.tx.us,Female,227.222.237.8
1341,Marget,Lockner,mlockner6o@wufoo.com,Female,177.2.160.175
1342,Hayden,MacIntosh,hmacintosh6p@ibm.com,Male,183.156.76.196
1343,Talbot,Atherton,tatherton6q@aboutads.info,Non-binary,234.64.49.134
1344,Gilemette,Klaffs,gklaffs6r@aboutads.info,Female,32.65.116.28
1345,Antonella,Pottberry,apottberry6s@mapquest.com,Female,209.66.218.110
1346,Salvidor,Jencey,sjencey6t@harvard.edu,Male,111.152.177.140
1347,Arlan,Remon,aremon6u@de.vu,Male,129.74.169.19
1348,Dolph,Connelly,dconnelly6v@usnews.com,Polygender,105.140.145.15
1349,Enrica,Riddington,eriddington6w@mtv.com,Non-binary,118.188.89.70
1350,Madelaine,Gerard,mgerard6x@washingtonpost.com,Female,70.52.112.216
1351,Angelique,Bovis,abovis6y@sciencedirect.com,Female,96.237.175.109
1352,Lethia,Lotherington,llotherington6z@blogs.com,Genderqueer,130.72.83.20
1353,Ashely,Craighall,acraighall70@printfriendly.com,Female,210.135.246.166
1354,Fee,Eversley,feversley71@shutterfly.com,Male,195.88.174.173
1355,Hewet,Asbery,hasbery72@tripod.com,Male,132.214.177.101
1356,Ches,Goalley,cgoalley73@tuttocitta.it,Male,229.106.242.205
1357,Tanitansy,Tavinor,ttavinor74@ustream.tv,Female,250.228.122.62
1358,Darrell,Izachik,dizachik75@prnewswire.com,Genderqueer,234.187.183.30
1359,Xenia,Devonside,xdevonside76@japanpost.jp,Female,79.225.105.81
1360,Wain,Hizir,whizir77@lulu.com,Male,79.26.26.144
1361,Wally,Bednall,wbednall78@digg.com,Male,24.224.212.101
1362,Shirline,De Avenell,sdeavenell79@salon.com,Female,197.197.122.149
1363,Immanuel,Ricciardo,iricciardo7a@ask.com,Male,94.123.199.171
1364,Stormi,Huggen,shuggen7b@mac.com,Genderqueer,234.9.19.95
1365,Delmar,Grouvel,dgrouvel7c@sphinn.com,Male,229.153.47.69
1366,Aggi,Shaxby,ashaxby7d@upenn.edu,Female,193.228.59.187
1367,Evvy,Daal,edaal7e@clickbank.net,Female,104.53.1.189
1368,Boniface,Ramage,bramage7f@digg.com,Male,18.238.193.109
1369,Wells,Foyster,wfoyster7g@chron.com,Male,188.139.178.162
1370,Karel,Rau,krau7h@cmu.edu,Female,217.71.79.86
1371,Cacilie,Lowre,clowre7i@wordpress.org,Polygender,12.245.189.213
1372,Allin,MacKee,amackee7j@gnu.org,Male,146.243.131.30
1373,Ruperta,Minot,rminot7k@scribd.com,Female,131.76.138.19
1374,Lara,Bullivent,lbullivent7l@umn.edu,Female,59.69.4.5
1375,Raeann,Pinner,rpinner7m@statcounter.com,Female,20.173.208.231
1376,Neville,Filintsev,nfilintsev7n@businessweek.com,Male,164.241.23.175
1377,Leanna,Lyons,llyons7o@illinois.edu,Female,15.53.119.168
1378,Jeffry,Jennions,jjennions7p@usatoday.com,Male,153.243.34.162
1379,Annie,Torrent,atorrent7q@phoca.cz,Female,180.4.75.86
1380,Olimpia,Baume,obaume7r@squarespace.com,Female,114.159.3.54
1381,Carver,Bastide,cbastide7s@uol.com.br,Male,51.240.7.229
1382,Hermy,Rontsch,hrontsch7t@t.co,Male,53.196.42.53
1383,Hilarius,Lindmark,hlindmark7u@microsoft.com,Male,134.234.192.158
1384,Emelyne,Goodlud,egoodlud7v@cnet.com,Female,136.5.55.112
1385,Lock,Fills,lfills7w@studiopress.com,Male,29.204.12.196
1386,Laughton,Broadis,lbroadis7x@cocolog-nifty.com,Male,224.7.211.44
1387,Harri,Stollmeyer,hstollmeyer7y@vk.com,Female,166.251.177.33
1388,Binni,Rawlin,brawlin7z@sbwire.com,Female,24.134.90.0
1389,Jodi,Saw,jsaw80@columbia.edu,Female,218.203.87.177
1390,Morgun,Arboine,marboine81@vk.com,Male,146.164.246.49
1391,Owen,Humpherston,ohumpherston82@mac.com,Male,16.145.47.247
1392,Bernette,Heeran,bheeran83@reference.com,Female,136.250.227.164
1393,Hanna,Kahn,hkahn84@spiegel.de,Female,144.207.209.203
1394,Bill,Wankling,bwankling85@smugmug.com,Female,36.244.41.56
1395,Care,Ferencowicz,cferencowicz86@tumblr.com,Male,93.65.10.235
1396,Artemas,Taylorson,ataylorson87@amazon.de,Male,81.59.246.65
1397,Zuzana,Jewkes,zjewkes88@harvard.edu,Female,0.37.221.86
1398,Olympe,McAdam,omcadam89@indiatimes.com,Female,132.211.250.167
1399,Fayina,Goney,fgoney8a@ifeng.com,Female,119.61.63.218
1400,Yvonne,Bansal,ybansal8b@jiathis.com,Female,119.132.42.67
1401,Kessiah,Krzyzowski,kkrzyzowski8c@printfriendly.com,Female,151.48.92.127
1402,Giustina,Sollom,gsollom8d@163.com,Female,252.18.246.6
1403,Daune,Beamish,dbeamish8e@hibu.com,Agender,46.40.8.177
1404,Carolynn,Sigsworth,csigsworth8f@virginia.edu,Female,185.206.128.251
1405,Wes,Brookwell,wbrookwell8g@dailymotion.com,Male,17.224.117.83
1406,Hammad,Petracchi,hpetracchi8h@amazon.co.uk,Male,136.8.53.91
1407,Jeremie,Rochford,jrochford8i@liveinternet.ru,Male,10.12.186.219
1408,Val,Yurtsev,vyurtsev8j@youtu.be,Male,30.113.158.178
1409,Mathilde,Grene,mgrene8k@census.gov,Bigender,41.95.17.140
1410,Rubin,Eyes,reyes8l@wiley.com,Male,181.44.173.3
1411,Brice,Elsdon,belsdon8m@devhub.com,Male,96.193.101.121
1412,Dian,Aronson,daronson8n@hatena.ne.jp,Female,118.176.159.67
1413,Albertine,Wattins,awattins8o@desdev.cn,Female,224.25.130.186
1414,Bride,Tirone,btirone8p@infoseek.co.jp,Female,65.248.117.132
1415,Eirena,Shuker,eshuker8q@liveinternet.ru,Female,49.179.215.79
1416,Merralee,Bikker,mbikker8r@wikimedia.org,Female,48.164.213.173
1417,Theobald,Cade,tcade8s@ucoz.ru,Male,242.93.24.252
1418,Leodora,Fayerbrother,lfayerbrother8t@goo.ne.jp,Female,139.197.180.206
1419,Say,Minghella,sminghella8u@java.com,Male,44.120.163.158
1420,Amanda,Brakespear,abrakespear8v@fastcompany.com,Female,154.64.155.121
1421,Judd,McGaugan,jmcgaugan8w@360.cn,Male,211.86.160.29
1422,Sascha,Wilcocks,swilcocks8x@t-online.de,Male,27.235.205.107
1423,Justus,Szymczyk,jszymczyk8y@typepad.com,Male,108.66.49.178
1424,Ted,Wort,twort8z@g.co,Female,216.36.83.121
1425,Avictor,Dymick,adymick90@sina.com.cn,Male,68.203.154.106
1426,Skippy,Capeloff,scapeloff91@china.com.cn,Male,36.129.121.146
1427,Pauline,Craise,pcraise92@auda.org.au,Female,141.185.210.136
1428,Addison,Simm,asimm93@jugem.jp,Male,190.8.115.235
1429,Anetta,Anthill,aanthill94@shinystat.com,Female,196.233.203.179
1430,Breanne,Litel,blitel95@zdnet.com,Female,247.153.106.150
1431,Lauree,Blogg,lblogg96@blogs.com,Female,233.88.22.1
1432,Idette,Moscon,imoscon97@cocolog-nifty.com,Female,231.179.156.135
1433,Christyna,Roos,croos98@ox.ac.uk,Female,194.20.179.143
1434,Zacharias,Snel,zsnel99@tiny.cc,Male,80.69.25.225
1435,Welbie,Willmott,wwillmott9a@acquirethisname.com,Male,61.5.247.38
1436,Arthur,Mannix,amannix9b@mayoclinic.com,Male,23.233.228.136
1437,Korie,Rymill,krymill9c@behance.net,Female,31.244.184.116
1438,Rochell,Maria,rmaria9d@discovery.com,Female,248.220.36.85
1439,Nial,Levecque,nlevecque9e@va.gov,Male,229.59.26.92
1440,Alverta,Darrell,adarrell9f@hubpages.com,Female,85.236.139.185
1441,Robyn,Vanderplas,rvanderplas9g@friendfeed.com,Genderfluid,246.28.163.116
1442,Jarrid,Giblin,jgiblin9h@woothemes.com,Male,90.138.170.234
1443,Harley,Splaven,hsplaven9i@unc.edu,Male,4.122.199.78
1444,Ransell,Ollivier,rollivier9j@virginia.edu,Male,250.197.252.240
1445,Chuck,O'Connel,coconnel9k@plala.or.jp,Male,46.122.247.116
1446,Lawry,Tyne,ltyne9l@prnewswire.com,Male,218.226.3.154
1447,Raynor,Teasdale-Markie,rteasdalemarkie9m@naver.com,Male,45.236.151.157
1448,Vanya,Rubrow,vrubrow9n@imgur.com,Male,145.119.160.129
1449,Franciskus,Dronsfield,fdronsfield9o@dmoz.org,Male,41.173.55.253
1450,Flore,Yeiles,fyeiles9p@elpais.com,Genderfluid,23.133.35.102
1451,Jeanie,Echelle,jechelle9q@google.cn,Female,137.128.167.62
1452,Jim,Oliva,joliva9r@wisc.edu,Male,190.74.109.92
1453,Meredeth,Wallentin,mwallentin9s@ucla.edu,Male,134.58.195.45
1454,Laurena,Shoobridge,lshoobridge9t@unc.edu,Female,195.22.133.120
1455,Alleen,David,adavid9u@fema.gov,Non-binary,246.95.228.140
1456,Genia,Kelcey,gkelcey9v@ycombinator.com,Female,27.184.232.212
1457,Annis,Trathan,atrathan9w@ucoz.ru,Female,8.37.216.95
1458,Lida,Fehner,lfehner9x@quantcast.com,Female,170.58.92.99
1459,Karylin,McLucas,kmclucas9y@wikipedia.org,Female,255.191.187.183
1460,Analise,Sucre,asucre9z@shop-pro.jp,Female,88.33.61.3
1461,Timmy,Lambourne,tlambournea0@sitemeter.com,Bigender,131.150.33.44
1462,Farlie,Stubbings,fstubbingsa1@ucoz.com,Male,250.252.12.81
1463,Chrissy,Lyven,clyvena2@shutterfly.com,Female,84.15.109.207
1464,Ravi,Radclyffe,rradclyffea3@lulu.com,Polygender,28.63.199.39
1465,Nellie,Crumley,ncrumleya4@hatena.ne.jp,Female,154.53.162.228
1466,Emmalynne,Tennet,etenneta5@berkeley.edu,Female,131.48.2.208
1467,Barnabe,Gouldstone,bgouldstonea6@engadget.com,Male,59.210.50.169
1468,Baxy,Tennick,btennicka7@utexas.edu,Male,18.65.201.75
1469,Chic,Shortcliffe,cshortcliffea8@imgur.com,Male,14.202.23.151
1470,Sully,Ramsbotham,sramsbothama9@about.com,Genderfluid,227.78.246.120
1471,Diarmid,Greaser,dgreaseraa@webmd.com,Male,178.169.47.16
1472,Tarra,Loosley,tloosleyab@google.nl,Female,174.65.240.57
1473,Antoinette,Douberday,adouberdayac@multiply.com,Female,84.18.225.241
1474,Elicia,Gunderson,egundersonad@nasa.gov,Female,195.84.106.194
1475,Saundra,Skeech,sskeechae@elegantthemes.com,Female,26.61.229.65
1476,Omero,Matokhnin,omatokhninaf@chronoengine.com,Male,206.159.213.126
1477,Esme,Sazio,esazioag@dailymotion.com,Male,14.52.118.141
1478,Stearne,Bratley,sbratleyah@japanpost.jp,Male,254.91.118.132
1479,Maynord,Dallaghan,mdallaghanai@fda.gov,Male,9.216.102.134
1480,Eloisa,Rowthorn,erowthornaj@spiegel.de,Female,238.55.162.7
1481,Hayden,Frise,hfriseak@google.cn,Male,200.218.47.196
1482,Mackenzie,Jahn,mjahnal@ca.gov,Male,120.203.100.132
1483,Myrle,Waldram,mwaldramam@etsy.com,Non-binary,19.116.27.164
1484,Lezley,Darte,ldartean@newsvine.com,Non-binary,135.11.57.212
1485,Sybille,Greenier,sgreenierao@drupal.org,Female,21.93.22.238
1486,Serge,Jury,sjuryap@stanford.edu,Male,56.236.142.146
1487,See,Craddock,scraddockaq@upenn.edu,Male,3.229.172.139
1488,Tades,Ellerton,tellertonar@walmart.com,Male,59.163.27.221
1489,Jerrie,Kinchin,jkinchinas@ask.com,Female,201.98.91.132
1490,Zora,Cronk,zcronkat@imageshack.us,Female,95.226.90.78
1491,Dill,Chell,dchellau@wikispaces.com,Bigender,9.215.229.72
1492,Vania,Roddick,vroddickav@baidu.com,Female,5.101.60.244
1493,Bridget,Patkin,bpatkinaw@weather.com,Female,102.54.49.16
1494,Theobald,Kenwrick,tkenwrickax@icq.com,Male,83.195.122.161
1495,Robinson,Paladini,rpaladiniay@furl.net,Male,103.200.114.207
1496,Tailor,Treswell,ttreswellaz@google.com,Male,229.209.27.137
1497,Raimund,Toovey,rtooveyb0@usa.gov,Male,38.40.114.169
1498,Arron,Bewick,abewickb1@fastcompany.com,Male,230.121.175.150
1499,Andrew,Fenimore,afenimoreb2@intel.com,Male,68.100.34.234
1500,Ruprecht,Crookes,rcrookesb3@rakuten.co.jp,Male,209.210.55.226
1501,Valina,Aspell,vaspellb4@vkontakte.ru,Female,67.229.156.7
1502,Brocky,Papis,bpapisb5@people.com.cn,Polygender,49.202.81.177
1503,Chaim,Guitel,cguitelb6@sbwire.com,Polygender,16.241.184.240
1504,Kerrin,Londesborough,klondesboroughb7@ihg.com,Non-binary,183.163.120.20
1505,Pattie,Muldowney,pmuldowneyb8@earthlink.net,Male,208.18.184.31
1506,Ethyl,Gronw,egronwb9@arizona.edu,Female,61.71.69.32
1507,Phaedra,Ebertz,pebertzba@joomla.org,Female,188.206.121.72
1508,Mignonne,Maggorini,mmaggorinibb@vkontakte.ru,Genderfluid,178.126.171.132
1509,Blondy,Kobierzycki,bkobierzyckibc@g.co,Female,57.188.77.240
1510,Susanna,Derr,sderrbd@google.com,Female,133.231.104.28
1511,Tildi,Sharpless,tsharplessbe@bloomberg.com,Agender,79.119.201.3
1512,Stephanus,Seeborne,sseebornebf@soup.io,Male,2.37.160.246
1513,Justus,Targett,jtargettbg@oaic.gov.au,Male,143.131.151.131
1514,Eveleen,Julyan,ejulyanbh@bbb.org,Female,183.191.208.30
1515,Armando,MacLeese,amacleesebi@spotify.com,Non-binary,130.250.113.218
1516,Gregorio,Bickerstaff,gbickerstaffbj@plala.or.jp,Male,225.117.242.33
1517,Leonard,Healeas,lhealeasbk@fema.gov,Male,77.149.178.167
1518,Lynnett,Hadwen,lhadwenbl@photobucket.com,Non-binary,240.176.113.102
1519,Orlan,Piscot,opiscotbm@pagesperso-orange.fr,Male,17.227.169.230
1520,Dickie,Tawse,dtawsebn@sina.com.cn,Male,178.50.40.31
1521,Ximenes,Cartmell,xcartmellbo@prweb.com,Male,156.212.119.240
1522,Cathrine,MacCarter,cmaccarterbp@salon.com,Non-binary,67.249.200.191
1523,Meredeth,Freed,mfreedbq@tumblr.com,Male,54.233.30.34
1524,Germaine,Jizhaki,gjizhakibr@usatoday.com,Male,229.17.222.134
1525,Milzie,Lumbly,mlumblybs@spotify.com,Female,251.245.220.85
1526,Bordy,Tacey,btaceybt@cbc.ca,Male,13.219.95.241
1527,Michelle,Owlner,mowlnerbu@seattletimes.com,Female,141.41.218.180
1528,Katharyn,Vaan,kvaanbv@weebly.com,Female,43.58.193.11
1529,Cordelia,Dumbleton,cdumbletonbw@ebay.com,Female,17.189.91.30
1530,Derek,Cianni,dciannibx@myspace.com,Male,36.117.219.11
1531,Raddy,Weakley,rweakleyby@multiply.com,Male,158.128.180.20
1532,Riccardo,Esbrook,resbrookbz@mail.ru,Bigender,221.162.109.219
1533,Lilian,Baseke,lbasekec0@state.tx.us,Female,168.22.80.146
1534,Wilona,Sitlington,wsitlingtonc1@wikimedia.org,Bigender,127.62.154.38
1535,Tamiko,Balasini,tbalasinic2@howstuffworks.com,Female,86.105.145.242
1536,Tobie,Greenside,tgreensidec3@sitemeter.com,Male,65.80.196.92
1537,Krystalle,Haughan,khaughanc4@dell.com,Female,210.157.83.169
1538,Bondie,Bischoff,bbischoffc5@msn.com,Male,168.243.156.0
1539,Roseanne,Hanster,rhansterc6@google.co.uk,Female,142.150.120.10
1540,Rob,Quarrell,rquarrellc7@topsy.com,Male,172.72.165.189
1541,Mickie,Aiken,maikenc8@china.com.cn,Male,125.42.22.241
1542,Shani,Shakspeare,sshakspearec9@desdev.cn,Female,22.148.235.175
1543,Mikol,Kovnot,mkovnotca@mayoclinic.com,Male,84.253.25.137
1544,Sella,Andersson,sanderssoncb@jimdo.com,Female,233.17.22.168
1545,Hastings,Bassingham,hbassinghamcc@tinypic.com,Polygender,66.77.47.96
1546,Rene,Jenner,rjennercd@qq.com,Male,67.55.209.188
1547,Giana,Mc Caghan,gmccaghance@over-blog.com,Female,213.129.214.197
1548,Jewel,Hawkes,jhawkescf@nba.com,Female,160.127.165.205
1549,Arlana,Bestwall,abestwallcg@yahoo.com,Female,250.86.179.38
1550,Dniren,Keynes,dkeynesch@microsoft.com,Female,44.49.103.82
1551,Hartwell,Maddaford,hmaddafordci@youku.com,Male,191.71.1.92
1552,Barton,Mockes,bmockescj@webs.com,Male,60.253.108.150
1553,Otto,Daventry,odaventryck@artisteer.com,Non-binary,145.92.232.123
1554,Osmund,Flag,oflagcl@spotify.com,Male,253.20.187.110
1555,Irina,Filby,ifilbycm@nydailynews.com,Female,201.169.183.166
1556,Chet,Mastrantone,cmastrantonecn@vimeo.com,Male,71.77.59.127
1557,Silvano,Girke,sgirkeco@wikispaces.com,Male,51.143.135.145
1558,Dyann,Chaves,dchavescp@e-recht24.de,Female,79.123.166.135
1559,Freddy,Barradell,fbarradellcq@sciencedirect.com,Female,75.78.173.171
1560,Napoleon,Wiffler,nwifflercr@nytimes.com,Male,176.188.10.34
1561,Elvyn,Tieraney,etieraneycs@jalbum.net,Non-binary,79.103.132.55
1562,Emma,Wainscoat,ewainscoatct@sbwire.com,Agender,128.206.138.186
1563,Galvan,Uman,gumancu@cloudflare.com,Male,174.33.182.1
1564,Yevette,Bigham,ybighamcv@instagram.com,Female,11.79.225.157
1565,Thaine,Widdowfield,twiddowfieldcw@ebay.co.uk,Male,159.106.163.150
1566,Emera,Beurich,ebeurichcx@yahoo.com,Female,177.120.9.157
1567,Tiebold,Billion,tbillioncy@google.com,Male,169.32.154.179
1568,Jedediah,McGiveen,jmcgiveencz@photobucket.com,Male,83.108.26.214
1569,Terence,Guite,tguited0@geocities.jp,Male,132.180.253.68
1570,Ernestus,Knee,ekneed1@icio.us,Male,21.215.237.52
1571,Willey,Penniall,wpennialld2@sina.com.cn,Male,97.130.161.173
1572,Sigismundo,Atterbury,satterburyd3@goo.ne.jp,Male,135.112.31.63
1573,Candice,Cuss,ccussd4@icio.us,Female,161.52.47.26
1574,Edouard,Torns,etornsd5@bbb.org,Male,197.33.160.59
1575,Thomasina,Mazdon,tmazdond6@dailymotion.com,Female,57.200.226.102
1576,Petey,Feeley,pfeeleyd7@auda.org.au,Male,127.72.203.15
1577,Blair,Kield,bkieldd8@virginia.edu,Male,242.73.82.216
1578,Cordula,Roake,croaked9@yahoo.co.jp,Female,181.205.232.28
1579,Davidde,Freeborn,dfreebornda@virginia.edu,Male,222.107.12.48
1580,Prescott,Buttrey,pbuttreydb@cdbaby.com,Male,122.201.166.40
1581,Emilio,Trowsdale,etrowsdaledc@google.com.au,Male,252.208.212.191
1582,Jenna,Clitsome,jclitsomedd@admin.ch,Female,117.147.142.0
1583,Riva,Ibeson,ribesonde@guardian.co.uk,Female,249.92.65.2
1584,Adelind,Stinton,astintondf@wired.com,Female,73.191.163.150
1585,Natalina,Ducker,nduckerdg@deliciousdays.com,Genderfluid,167.94.206.214
1586,Trudi,Coley,tcoleydh@jugem.jp,Female,12.197.199.253
1587,Lindy,Hutsby,lhutsbydi@reddit.com,Male,248.13.175.58
1588,Romain,Williams,rwilliamsdj@gnu.org,Genderfluid,47.162.177.172
1589,Billie,Wilmore,bwilmoredk@about.me,Genderqueer,142.43.14.193
1590,Hally,Duchasteau,hduchasteaudl@zdnet.com,Female,137.231.188.27
1591,Gar,McIver,gmciverdm@sbwire.com,Male,149.180.203.47
1592,Shawnee,Jirek,sjirekdn@phpbb.com,Female,30.236.171.121
1593,Germain,Hounsome,ghounsomedo@reference.com,Male,69.229.209.23
1594,Rosella,Aldren,raldrendp@ox.ac.uk,Bigender,215.140.200.47
1595,Alane,Russel,arusseldq@unc.edu,Female,5.200.101.239
1596,Robinet,Bredgeland,rbredgelanddr@tiny.cc,Female,244.193.72.110
1597,Antonin,Stollberg,astollbergds@ask.com,Male,19.6.104.113
1598,Gamaliel,Coviello,gcoviellodt@infoseek.co.jp,Male,118.199.40.15
1599,Anneliese,Brafield,abrafielddu@statcounter.com,Female,128.210.253.79
1600,Abe,Petre,apetredv@intel.com,Male,49.68.192.41
1601,Hagan,Skelly,hskellydw@cdbaby.com,Male,149.169.227.27
1602,Debbie,Kruger,dkrugerdx@jigsy.com,Female,183.82.0.214
1603,Tammie,MacMychem,tmacmychemdy@yolasite.com,Female,174.128.184.143
1604,Mace,Liddel,mliddeldz@reference.com,Agender,201.44.159.154
1605,Selena,Swetmore,sswetmoree0@usatoday.com,Female,95.12.217.11
1606,Hayward,Cosyns,hcosynse1@gov.uk,Male,251.201.239.193
1607,Bram,Shallow,bshallowe2@examiner.com,Male,37.54.38.44
1608,Wilfrid,Von Hindenburg,wvonhindenburge3@reuters.com,Male,78.30.30.132
1609,Sanson,Sands,ssandse4@oaic.gov.au,Male,72.175.209.136
1610,Johnath,Attwater,jattwatere5@163.com,Female,169.235.229.246
1611,Zola,Fillis,zfillise6@bigcartel.com,Female,241.26.230.69
1612,Lynsey,Gaine of England,lgaineofenglande7@google.com.br,Polygender,251.49.182.247
1613,Melinde,Leaton,mleatone8@reuters.com,Female,58.150.128.99
1614,Kyrstin,Reide,kreidee9@gnu.org,Genderfluid,15.39.175.50
1615,Merrill,Curphey,mcurpheyea@unblog.fr,Male,159.190.124.228
1616,Nevile,Worsnop,nworsnopeb@skyrock.com,Male,202.87.197.183
1617,Roxine,Jahndel,rjahndelec@freewebs.com,Bigender,116.155.147.216
1618,Mariann,MacCurlye,mmaccurlyeed@mysql.com,Female,224.202.1.16
1619,Ibbie,Borth,iborthee@abc.net.au,Non-binary,221.43.63.24
1620,Micky,Mulvenna,mmulvennaef@google.com,Female,252.164.162.28
1621,Pris,Terney,pterneyeg@tuttocitta.it,Female,125.228.91.181
1622,Imogen,Bischoff,ibischoffeh@google.com,Female,152.217.166.175
1623,Taddeo,Hegg,theggei@elpais.com,Male,57.219.64.38
1624,Shelli,Clynman,sclynmanej@ucoz.ru,Female,30.105.58.219
1625,Pierre,Boleyn,pboleynek@quantcast.com,Male,130.19.253.167
1626,Aura,Bathow,abathowel@nationalgeographic.com,Female,16.80.26.99
1627,Mylo,Rainsbury,mrainsburyem@sbwire.com,Male,172.227.244.164
1628,Moselle,Espina,mespinaen@blinklist.com,Female,63.161.192.205
1629,Juliana,Latchford,jlatchfordeo@cornell.edu,Female,184.39.47.243
1630,Chaunce,Hyndley,chyndleyep@slate.com,Male,143.40.246.27
1631,Roseline,Burtt,rburtteq@house.gov,Female,235.28.13.183
1632,Bendix,Callway,bcallwayer@jiathis.com,Male,182.41.159.93
1633,Hill,Langston,hlangstones@com.com,Male,52.156.253.2
1634,Junia,Golborne,jgolborneet@netlog.com,Female,32.186.19.57
1635,Shellysheldon,Blondell,sblondelleu@google.co.uk,Male,173.65.9.128
1636,Alejandrina,Battson,abattsonev@sbwire.com,Female,198.11.48.62
1637,Eloisa,McClure,emcclureew@rambler.ru,Female,121.88.144.52
1638,Rickard,Jirsa,rjirsaex@webeden.co.uk,Male,179.131.111.230
1639,Hermine,Agney,hagneyey@wp.com,Female,14.4.21.58
1640,Amber,Dalloway,adallowayez@dedecms.com,Female,236.68.217.79
1641,Lyn,Allsupp,lallsuppf0@exblog.jp,Male,180.178.20.85
1642,Lothaire,McGuckin,lmcguckinf1@tmall.com,Male,58.64.126.128
1643,Wakefield,Willshaw,wwillshawf2@ezinearticles.com,Male,61.103.228.254
1644,Zorana,Sutton,zsuttonf3@cbsnews.com,Female,113.113.96.103
1645,Udell,McGarvie,umcgarvief4@netvibes.com,Male,99.17.131.251
1646,Caryn,Tweddell,ctweddellf5@sbwire.com,Female,240.215.79.57
1647,Hillier,Woolliams,hwoolliamsf6@cnet.com,Male,188.135.53.114
1648,Cirilo,Fidock,cfidockf7@flavors.me,Bigender,20.178.12.19
1649,Dix,Tott,dtottf8@mtv.com,Female,241.87.70.85
1650,Grayce,Zelland,gzellandf9@washingtonpost.com,Female,226.108.61.84
1651,Marthena,Ccomini,mccominifa@ox.ac.uk,Female,15.124.141.57
1652,Dorelia,Tinmouth,dtinmouthfb@nature.com,Female,218.167.144.193
1653,Jimmie,Scammonden,jscammondenfc@unc.edu,Male,205.200.212.89
1654,Caddric,Cowles,ccowlesfd@ox.ac.uk,Male,236.36.162.255
1655,Selena,Brabben,sbrabbenfe@themeforest.net,Female,147.201.180.198
1656,Corey,Mackieson,cmackiesonff@nature.com,Female,32.201.59.163
1657,Gabey,Edgcumbe,gedgcumbefg@fotki.com,Female,244.28.93.210
1658,Gabie,Swatradge,gswatradgefh@abc.net.au,Male,200.80.107.136
1659,Glen,Huriche,ghurichefi@businessinsider.com,Female,30.192.182.149
1660,Orlando,Absolom,oabsolomfj@canalblog.com,Male,90.99.36.20
1661,Brendon,Brimley,bbrimleyfk@sbwire.com,Male,148.141.181.202
1662,Derward,Condict,dcondictfl@google.co.jp,Male,154.33.218.158
1663,Mitchel,McGuffog,mmcguffogfm@webeden.co.uk,Male,77.121.129.149
1664,Jdavie,Hackin,jhackinfn@nsw.gov.au,Male,221.220.89.152
1665,Ave,Railton,arailtonfo@hostgator.com,Male,83.37.59.167
1666,Phillie,Peacocke,ppeacockefp@reverbnation.com,Female,5.101.88.243
1667,Adelind,Besant,abesantfq@yandex.ru,Female,22.231.59.166
1668,Dewie,Gland,dglandfr@storify.com,Male,168.144.179.146
1669,Charis,Archambault,carchambaultfs@redcross.org,Female,172.185.121.89
1670,Guss,Phillpot,gphillpotft@epa.gov,Male,106.100.84.70
1671,Eran,Netti,enettifu@usgs.gov,Female,11.112.203.39
1672,Stearne,Boch,sbochfv@ehow.com,Male,209.213.79.94
1673,Bette,Fessier,bfessierfw@nasa.gov,Female,44.164.202.194
1674,Andrew,Merring,amerringfx@jigsy.com,Male,49.43.94.45
1675,Matilde,Georgi,mgeorgify@mlb.com,Genderfluid,207.120.255.82
1676,Valentine,Caslane,vcaslanefz@mapy.cz,Genderfluid,153.16.24.122
1677,Abelard,Farbrace,afarbraceg0@shop-pro.jp,Male,73.88.159.242
1678,Lurleen,Gerold,lgeroldg1@mtv.com,Female,223.229.149.139
1679,Rita,Marzelli,rmarzellig2@ebay.com,Female,112.86.102.157
1680,Shelia,Lismer,slismerg3@hostgator.com,Polygender,66.34.177.121
1681,Tiphanie,Brownfield,tbrownfieldg4@tiny.cc,Female,251.2.181.146
1682,Bobette,Finnan,bfinnang5@prlog.org,Female,58.2.3.246
1683,Kimmie,Bovingdon,kbovingdong6@amazon.co.uk,Female,75.188.242.77
1684,Codie,Giacovetti,cgiacovettig7@tinyurl.com,Polygender,37.8.15.208
1685,Danita,Tabert,dtabertg8@spiegel.de,Female,63.58.242.166
1686,Zelma,Kedward,zkedwardg9@uol.com.br,Female,68.72.31.244
1687,Laverne,Otteridge,lotteridgega@123-reg.co.uk,Female,208.213.111.111
1688,Bernarr,Wickling,bwicklinggb@shinystat.com,Male,211.160.89.5
1689,Webster,Jest,wjestgc@sbwire.com,Non-binary,99.169.243.158
1690,Nonna,Kynnd,nkynndgd@360.cn,Female,69.122.52.55
1691,Mariana,Morrieson,mmorriesonge@ifeng.com,Female,121.124.119.71
1692,Alane,Berdale,aberdalegf@senate.gov,Female,94.47.133.47
1693,Elyssa,Marten,emartengg@umich.edu,Genderfluid,168.10.154.12
1694,Cyril,Asple,casplegh@cnbc.com,Male,19.186.181.79
1695,Janessa,Baffin,jbaffingi@oracle.com,Genderqueer,83.113.215.235
1696,Minerva,Ganniclifft,mganniclifftgj@google.com.hk,Genderfluid,77.89.9.244
1697,Delphinia,Surgeoner,dsurgeonergk@weebly.com,Female,75.216.8.105
1698,Roxine,Potten,rpottengl@nymag.com,Female,67.161.82.22
1699,Sullivan,Conre,sconregm@abc.net.au,Male,83.235.176.51
1700,Nicko,Kohrsen,nkohrsengn@wikia.com,Male,63.67.21.92
1701,Dunc,Speddin,dspeddingo@narod.ru,Male,213.186.200.253
1702,Keelby,Iveans,kiveansgp@istockphoto.com,Male,62.25.83.170
1703,Bab,Tabner,btabnergq@economist.com,Female,16.105.144.36
1704,Margaret,Spratt,msprattgr@google.nl,Female,153.27.105.126
1705,Abba,Tidbald,atidbaldgs@storify.com,Male,158.18.134.24
1706,Koren,Hirjak,khirjakgt@nih.gov,Female,17.51.214.104
1707,Ferd,Stainton - Skinn,fstaintonskinngu@vinaora.com,Male,251.34.168.137
1708,Lee,Larrie,llarriegv@wikia.com,Genderqueer,61.205.9.7
1709,Skipp,Warters,swartersgw@technorati.com,Male,61.236.60.46
1710,Ugo,Adderley,uadderleygx@deviantart.com,Polygender,179.67.111.112
1711,Forester,Been,fbeengy@drupal.org,Male,179.53.0.238
1712,Amerigo,Elby,aelbygz@mtv.com,Male,30.136.78.22
1713,Louisette,Ellsom,lellsomh0@reverbnation.com,Bigender,123.222.156.202
1714,Kandy,Paskell,kpaskellh1@dot.gov,Female,213.219.38.142
1715,Pierce,Linforth,plinforthh2@ca.gov,Male,211.240.164.1
1716,Rickard,Dominichelli,rdominichellih3@twitpic.com,Male,26.110.7.249
1717,Godfree,Lindsay,glindsayh4@cyberchimps.com,Male,148.34.24.1
1718,Avrom,Ulyatt,aulyatth5@icio.us,Male,26.184.29.237
1719,Neal,Sprowle,nsprowleh6@acquirethisname.com,Male,96.195.123.82
1720,Duncan,Hagergham,dhagerghamh7@hibu.com,Agender,128.170.190.200
1721,Yves,Soppeth,ysoppethh8@ted.com,Male,168.69.12.167
1722,Avril,Osborn,aosbornh9@tinyurl.com,Female,8.39.99.163
1723,Celestine,Domenge,cdomengeha@altervista.org,Polygender,122.238.98.238
1724,Livvyy,Croad,lcroadhb@imageshack.us,Female,207.110.78.117
1725,Kendre,Wadley,kwadleyhc@sbwire.com,Female,240.162.189.126
1726,Adair,Kuschek,akuschekhd@accuweather.com,Male,229.203.185.235
1727,Freddy,Sabates,fsabateshe@telegraph.co.uk,Male,82.135.2.88
1728,Rafaela,Crickmore,rcrickmorehf@army.mil,Bigender,54.150.200.183
1729,Odette,Sushams,osushamshg@nydailynews.com,Female,47.231.104.8
1730,Kevina,Espy,kespyhh@noaa.gov,Female,49.84.224.9
1731,Franciskus,Hellcat,fhellcathi@howstuffworks.com,Male,125.215.207.41
1732,Donall,Dawdry,ddawdryhj@shutterfly.com,Male,39.187.10.171
1733,Hamlin,Betteson,hbettesonhk@utexas.edu,Male,137.50.74.129
1734,Ania,Drage,adragehl@state.gov,Female,142.219.109.8
1735,Allen,Iglesia,aiglesiahm@epa.gov,Male,107.137.129.70
1736,Noble,Winder,nwinderhn@wunderground.com,Male,9.74.138.224
1737,Jewelle,Iseton,jisetonho@addtoany.com,Female,100.173.199.145
1738,Elvira,Zellick,ezellickhp@statcounter.com,Female,31.6.207.237
1739,Cornie,Plomer,cplomerhq@clickbank.net,Male,236.130.61.9
1740,Goldia,Kyme,gkymehr@vimeo.com,Female,161.68.94.233
1741,Cornie,Drever,cdreverhs@webeden.co.uk,Male,183.191.44.113
1742,Glendon,Tchir,gtchirht@youku.com,Male,23.232.42.54
1743,Rourke,Faudrie,rfaudriehu@xing.com,Agender,241.69.86.126
1744,Hadrian,Cometto,hcomettohv@prlog.org,Male,93.118.67.19
1745,Anselm,Pietrzak,apietrzakhw@shutterfly.com,Male,143.116.116.65
1746,Andie,Wellard,awellardhx@comsenz.com,Male,131.48.14.114
1747,Herb,Hegden,hhegdenhy@apple.com,Male,131.200.81.0
1748,Oberon,Brosio,obrosiohz@flickr.com,Male,51.157.192.42
1749,Hoebart,Espinosa,hespinosai0@goodreads.com,Non-binary,183.104.2.196
1750,Petrina,Stout,pstouti1@over-blog.com,Female,140.122.160.176
1751,Hunfredo,Paybody,hpaybodyi2@jigsy.com,Agender,242.11.66.33
1752,Auroora,Dot,adoti3@craigslist.org,Female,191.139.243.26
1753,Shanna,Gaunter,sgaunteri4@nhs.uk,Female,68.112.150.141
1754,Maxie,Peinton,mpeintoni5@istockphoto.com,Male,145.238.77.98
1755,Boot,Guyer,bguyeri6@msn.com,Male,247.241.217.211
1756,Sanford,Wortman,swortmani7@netlog.com,Male,200.127.208.220
1757,Randolf,Dugget,rduggeti8@psu.edu,Male,129.38.109.73
1758,Keelia,Dimock,kdimocki9@com.com,Female,19.229.167.246
1759,Waldemar,Goodright,wgoodrightia@statcounter.com,Male,127.173.252.22
1760,Brunhilda,Barbery,bbarberyib@nps.gov,Female,247.42.32.47
1761,Les,Palmby,lpalmbyic@pagesperso-orange.fr,Non-binary,177.44.154.220
1762,Keefer,Netherwood,knetherwoodid@de.vu,Male,53.93.249.251
1763,Jorrie,Float,jfloatie@bluehost.com,Female,36.88.1.85
1764,Harrietta,Hill,hhillif@bbc.co.uk,Female,96.10.211.244
1765,Merwyn,Edgin,medginig@ebay.com,Male,219.163.133.223
1766,Tobie,Baden,tbadenih@diigo.com,Male,190.254.187.191
1767,Ignace,Alstead,ialsteadii@jimdo.com,Male,227.34.17.172
1768,Danica,Guthrie,dguthrieij@cornell.edu,Non-binary,83.4.26.2
1769,Pat,Enright,penrightik@upenn.edu,Male,103.184.103.237
1770,Ardenia,Metschke,ametschkeil@techcrunch.com,Female,143.83.231.118
1771,Korey,Coalbran,kcoalbranim@pbs.org,Male,93.88.94.143
1772,Ethel,Villalta,evillaltain@huffingtonpost.com,Bigender,126.146.63.0
1773,Gaylord,Simyson,gsimysonio@i2i.jp,Male,47.255.163.150
1774,Lloyd,Thorogood,lthorogoodip@census.gov,Male,212.61.237.182
1775,Paten,Fullilove,pfulliloveiq@live.com,Male,26.212.118.184
1776,Ronni,Duchenne,rduchenneir@wikipedia.org,Female,56.208.112.166
1777,Karleen,Dowry,kdowryis@wufoo.com,Female,0.14.3.212
1778,Philippine,Padilla,ppadillait@slate.com,Female,190.184.166.159
1779,Loni,Warters,lwartersiu@thetimes.co.uk,Female,144.156.180.193
1780,Port,Hadcock,phadcockiv@sphinn.com,Male,179.62.138.223
1781,Gabriello,Bertelsen,gbertelseniw@scientificamerican.com,Male,206.247.251.161
1782,Chelsy,Wabe,cwabeix@epa.gov,Female,239.67.243.48
1783,Otha,Kienl,okienliy@foxnews.com,Female,114.146.0.229
1784,Debby,Faulkener,dfaulkeneriz@yolasite.com,Female,111.80.4.31
1785,Tiphani,Kuhn,tkuhnj0@hhs.gov,Female,7.189.64.33
1786,Annissa,Alten,aaltenj1@sohu.com,Female,203.109.176.198
1787,Philippa,Trineman,ptrinemanj2@google.com.au,Female,190.24.51.163
1788,Willy,Loomis,wloomisj3@nps.gov,Female,87.204.244.12
1789,Torrin,Worrall,tworrallj4@newyorker.com,Male,143.116.146.91
1790,Nap,Stelfox,nstelfoxj5@gravatar.com,Male,68.196.60.110
1791,Joya,Clew,jclewj6@4shared.com,Female,97.207.134.155
1792,Graig,Lownie,glowniej7@digg.com,Male,189.153.111.14
1793,Claiborn,MacKessock,cmackessockj8@nydailynews.com,Male,103.93.252.45
1794,Lindon,Piff,lpiffj9@amazon.co.jp,Male,221.167.247.250
1795,Lock,Barsham,lbarshamja@webeden.co.uk,Male,228.99.130.39
1796,Jeffie,Grahamslaw,jgrahamslawjb@princeton.edu,Male,139.99.212.248
1797,Gabriello,Gommey,ggommeyjc@smh.com.au,Male,202.65.69.79
1798,Cassie,Olkowicz,colkowiczjd@lulu.com,Genderqueer,230.78.121.189
1799,Cristionna,Basilio,cbasilioje@icio.us,Female,204.32.140.112
1800,Vachel,Hounsome,vhounsomejf@nifty.com,Male,1.51.73.150
1801,Vernor,Vasishchev,vvasishchevjg@ning.com,Male,253.24.93.76
1802,Guthrey,Teml,gtemljh@loc.gov,Male,156.57.43.138
1803,Murial,Timny,mtimnyji@sogou.com,Female,20.108.172.121
1804,Cyndie,Mackness,cmacknessjj@pen.io,Female,236.199.0.48
1805,Faulkner,Karlsen,fkarlsenjk@slashdot.org,Male,226.145.252.102
1806,Sara,Sainte Paul,ssaintepauljl@ibm.com,Female,46.63.103.31
1807,Kelby,Shadrach,kshadrachjm@mediafire.com,Male,237.119.136.128
1808,Deanne,Phillipson,dphillipsonjn@acquirethisname.com,Female,90.146.104.55
1809,Brana,Narrie,bnarriejo@themeforest.net,Female,18.8.94.62
1810,Demeter,Andric,dandricjp@cafepress.com,Female,158.114.185.122
1811,Andy,Rimbault,arimbaultjq@hostgator.com,Male,12.148.127.158
1812,Hinze,Pietron,hpietronjr@wikispaces.com,Male,180.195.26.91
1813,Wallas,Pedrol,wpedroljs@fc2.com,Male,228.136.64.86
1814,Audrie,Truran,atruranjt@ted.com,Female,143.119.35.253
1815,Tamiko,Reeves,treevesju@g.co,Female,120.238.11.152
1816,Olia,Cosstick,ocosstickjv@msn.com,Female,136.144.146.139
1817,Layla,Satford,lsatfordjw@bizjournals.com,Female,172.19.244.207
1818,Leila,Fairbrother,lfairbrotherjx@123-reg.co.uk,Female,36.145.79.129
1819,Sabrina,Verzey,sverzeyjy@domainmarket.com,Female,36.97.231.8
1820,Ban,Pogson,bpogsonjz@go.com,Male,148.158.145.95
1821,Gram,Mellon,gmellonk0@istockphoto.com,Genderfluid,45.82.255.233
1822,Gallagher,Soldi,gsoldik1@shop-pro.jp,Male,90.121.128.147
1823,Gian,Rylance,grylancek2@jalbum.net,Male,163.68.226.87
1824,Livvy,Crompton,lcromptonk3@google.com,Female,245.255.181.55
1825,Joete,Meedendorpe,jmeedendorpek4@comcast.net,Female,15.157.4.245
1826,Rogers,Eldredge,reldredgek5@cornell.edu,Male,79.12.42.232
1827,Miguelita,Kuhnert,mkuhnertk6@vk.com,Female,64.170.165.158
1828,Clare,Kenworthy,ckenworthyk7@netlog.com,Female,193.233.131.45
1829,Corabelle,Bradder,cbradderk8@prnewswire.com,Female,117.181.53.55
1830,Row,Ludlam,rludlamk9@kickstarter.com,Female,75.78.222.187
1831,Evelina,Bradder,ebradderka@princeton.edu,Female,19.225.203.165
1832,Loraine,Stollenberg,lstollenbergkb@dion.ne.jp,Genderfluid,165.198.41.201
1833,Adolpho,Mussett,amussettkc@chron.com,Male,59.239.253.115
1834,Rubia,Scrannage,rscrannagekd@elpais.com,Female,33.29.14.171
1835,Janella,Bertelet,jberteletke@ucsd.edu,Female,26.222.9.56
1836,Catrina,Higgoe,chiggoekf@opensource.org,Female,19.111.247.139
1837,Inger,Mabb,imabbkg@mashable.com,Female,220.75.217.111
1838,Antonia,Rivilis,ariviliskh@ehow.com,Female,93.209.200.160
1839,Delmer,Causnett,dcausnettki@jiathis.com,Male,43.65.51.242
1840,Demetra,Letertre,dletertrekj@mysql.com,Female,43.111.126.42
1841,Everett,Grimolbie,egrimolbiekk@ning.com,Male,72.44.49.21
1842,Leora,Niblock,lniblockkl@gov.uk,Female,153.97.223.30
1843,Adrianna,Dallaghan,adallaghankm@thetimes.co.uk,Female,160.106.92.211
1844,Deane,Walenta,dwalentakn@ca.gov,Female,15.183.136.246
1845,Devinne,Rubinowitch,drubinowitchko@skyrock.com,Female,116.2.38.63
1846,Mata,Kingsnorth,mkingsnorthkp@miibeian.gov.cn,Male,180.230.32.77
1847,Flory,Napoleon,fnapoleonkq@mozilla.com,Female,160.247.146.242
1848,Seline,Fudger,sfudgerkr@guardian.co.uk,Female,163.217.247.93
1849,Korrie,Kemshell,kkemshellks@arizona.edu,Bigender,103.213.194.236
1850,Elyssa,Maidlow,emaidlowkt@artisteer.com,Female,155.32.210.104
1851,Eduardo,Thacke,ethackeku@unblog.fr,Male,229.104.240.229
1852,Cale,Ivanchov,civanchovkv@theglobeandmail.com,Male,153.217.54.90
1853,Magdalene,Herche,mherchekw@archive.org,Female,115.98.96.101
1854,Bianca,MacCosty,bmaccostykx@un.org,Bigender,195.159.65.128
1855,Llywellyn,Boyan,lboyanky@marriott.com,Male,105.100.8.193
1856,Ursala,Davern,udavernkz@jigsy.com,Female,213.143.42.180
1857,Evangeline,McQuode,emcquodel0@hostgator.com,Female,234.107.192.65
1858,Babita,Keppel,bkeppell1@seesaa.net,Female,22.15.74.192
1859,Ann-marie,Tomicki,atomickil2@studiopress.com,Female,13.172.156.63
1860,Beck,Wisher,bwisherl3@youtube.com,Polygender,243.204.223.140
1861,Lishe,Jimenez,ljimenezl4@nhs.uk,Female,6.36.82.168
1862,Lynde,Fulker,lfulkerl5@webeden.co.uk,Female,119.232.85.13
1863,Christine,O'Heyne,coheynel6@flickr.com,Female,152.240.190.201
1864,Horst,Doghartie,hdoghartiel7@guardian.co.uk,Male,201.189.137.208
1865,Doretta,Townsend,dtownsendl8@canalblog.com,Female,157.37.208.67
1866,Philly,Dobbyn,pdobbynl9@drupal.org,Polygender,112.61.159.247
1867,Kelley,Malthus,kmalthusla@chron.com,Male,227.59.23.182
1868,Sophie,Grunwall,sgrunwalllb@constantcontact.com,Female,156.58.220.36
1869,Robbert,Jedraszek,rjedraszeklc@surveymonkey.com,Male,255.244.74.231
1870,Cinda,Galloway,cgallowayld@vistaprint.com,Female,243.208.21.156
1871,Christabel,Adriani,cadrianile@moonfruit.com,Female,248.85.214.85
1872,Asher,Fontel,afontellf@bloomberg.com,Male,142.155.130.82
1873,Beulah,Carruthers,bcarrutherslg@state.gov,Female,65.30.248.20
1874,Niko,Grishunin,ngrishuninlh@cyberchimps.com,Male,251.4.72.42
1875,Bjorn,Buxam,bbuxamli@qq.com,Male,125.41.181.25
1876,Carson,Starmore,cstarmorelj@printfriendly.com,Male,209.225.0.72
1877,Katti,Tales,ktaleslk@nsw.gov.au,Female,75.141.241.175
1878,Jeromy,Emmatt,jemmattll@springer.com,Male,121.253.49.35
1879,Carilyn,Tamblingson,ctamblingsonlm@goodreads.com,Female,124.86.17.252
1880,Frederico,Le Conte,fleconteln@utexas.edu,Male,175.108.210.194
1881,Danyelle,Ruusa,druusalo@sohu.com,Female,23.25.220.11
1882,Jens,Sebrens,jsebrenslp@arizona.edu,Male,89.135.198.155
1883,Lorelei,Gladwish,lgladwishlq@earthlink.net,Female,42.28.33.12
1884,Annecorinne,Maliphant,amaliphantlr@un.org,Female,10.71.137.167
1885,Lorri,Saer,lsaerls@deliciousdays.com,Female,71.35.230.79
1886,Janeen,Oattes,joatteslt@cbc.ca,Female,200.98.176.75
1887,Augie,Smoote,asmootelu@ibm.com,Male,7.123.41.102
1888,Stacia,McKmurrie,smckmurrielv@xing.com,Female,221.192.230.33
1889,Gene,Germann,ggermannlw@phoca.cz,Male,248.124.145.68
1890,Tyson,Mulcock,tmulcocklx@cdc.gov,Male,27.151.219.141
1891,Adamo,Copestake,acopestakely@stumbleupon.com,Male,173.122.128.68
1892,Cherida,Rivelon,crivelonlz@tumblr.com,Female,231.248.170.125
1893,Jocelyne,Ranyell,jranyellm0@tiny.cc,Female,6.11.32.114
1894,Boote,Mucklo,bmucklom1@blogger.com,Male,253.194.77.54
1895,Kermy,Mabey,kmabeym2@barnesandnoble.com,Genderfluid,91.132.107.66
1896,Coletta,Giovanetti,cgiovanettim3@google.ca,Female,141.57.174.134
1897,Theressa,Dannell,tdannellm4@mac.com,Female,44.82.81.196
1898,Fritz,Purdie,fpurdiem5@goo.ne.jp,Male,9.118.74.49
1899,Amil,Hebborn,ahebbornm6@pen.io,Female,45.185.47.197
1900,Wilhelmina,Barkworth,wbarkworthm7@bloglines.com,Female,152.116.108.118
1901,Ingram,Moss,imossm8@usatoday.com,Male,205.124.170.161
1902,Hermann,Bonome,hbonomem9@fastcompany.com,Polygender,113.179.180.9
1903,Cori,McCombe,cmccombema@surveymonkey.com,Male,83.231.115.194
1904,Samson,Neaves,sneavesmb@scientificamerican.com,Male,39.81.214.1
1905,Alexandros,Itzhaki,aitzhakimc@ted.com,Male,39.33.87.6
1906,Maryann,Nolli,mnollimd@vk.com,Female,221.234.32.253
1907,Arlee,Mackneis,amackneisme@microsoft.com,Female,99.0.174.127
1908,Renell,Bootell,rbootellmf@tamu.edu,Bigender,146.32.59.181
1909,Stavro,Westgarth,swestgarthmg@delicious.com,Male,108.94.237.124
1910,Elnore,Danks,edanksmh@census.gov,Female,161.174.173.54
1911,Judie,Yarnall,jyarnallmi@booking.com,Female,184.27.147.96
1912,Janela,Adriaens,jadriaensmj@nih.gov,Female,137.2.112.114
1913,Lianne,Gyrgorwicx,lgyrgorwicxmk@foxnews.com,Female,137.33.64.222
1914,Flory,Charity,fcharityml@flavors.me,Male,52.29.149.47
1915,Fanchette,Lamdin,flamdinmm@harvard.edu,Female,90.221.223.75
1916,Sherlocke,M'Chirrie,smchirriemn@spotify.com,Male,168.55.210.205
1917,Francine,Bumphrey,fbumphreymo@shareasale.com,Female,26.155.204.219
1918,Ole,Nyssen,onyssenmp@jiathis.com,Male,227.83.151.124
1919,Wilone,Harbour,wharbourmq@sourceforge.net,Female,42.108.184.243
1920,Marlo,Gabriel,mgabrielmr@samsung.com,Female,177.134.98.187
1921,Brett,McGerr,bmcgerrms@instagram.com,Male,60.225.144.247
1922,Charmian,Mc Ilory,cmcilorymt@photobucket.com,Female,91.165.23.73
1923,Roman,Woloschin,rwoloschinmu@geocities.com,Male,254.56.191.246
1924,Natalina,Baxendale,nbaxendalemv@artisteer.com,Female,50.136.8.170
1925,Shirley,MacEntee,smacenteemw@parallels.com,Female,34.61.93.204
1926,Demetris,Berndtsson,dberndtssonmx@webnode.com,Male,206.100.224.72
1927,Jerrie,Pasquale,jpasqualemy@amazon.co.uk,Male,57.176.221.81
1928,Henderson,Schoenfisch,hschoenfischmz@a8.net,Non-binary,20.109.243.169
1929,Coop,Winship,cwinshipn0@histats.com,Male,138.161.224.169
1930,Clementia,Harriott,charriottn1@senate.gov,Female,156.179.204.9
1931,Toddie,Jurges,tjurgesn2@state.gov,Male,168.236.239.58
1932,Adelind,Keenlayside,akeenlaysiden3@opensource.org,Female,250.61.163.58
1933,Angy,Woolaston,awoolastonn4@tripod.com,Female,114.29.218.178
1934,Gail,Gallone,ggallonen5@yahoo.co.jp,Female,134.70.214.233
1935,Ramsay,Livermore,rlivermoren6@e-recht24.de,Male,73.113.95.167
1936,Felipa,Bascombe,fbascomben7@slashdot.org,Female,13.7.205.45
1937,Shepherd,Donson,sdonsonn8@apache.org,Male,196.146.90.245
1938,Pierson,Frensche,pfrenschen9@mac.com,Male,244.165.136.2
1939,Donal,Eastes,deastesna@phoca.cz,Non-binary,49.112.21.121
1940,Stormie,Crecy,screcynb@yellowpages.com,Female,53.201.37.3
1941,Shell,Bordiss,sbordissnc@google.co.jp,Male,17.13.89.205
1942,Dawn,Rewcassell,drewcassellnd@wiley.com,Female,61.135.181.143
1943,Anitra,Muscroft,amuscroftne@pen.io,Female,159.12.187.151
1944,Horace,Awde,hawdenf@trellian.com,Male,46.164.40.213
1945,Liesa,Coulbeck,lcoulbeckng@live.com,Female,97.51.26.238
1946,Raphael,De Bell,rdebellnh@usnews.com,Genderfluid,109.36.79.244
1947,Candice,Wellwood,cwellwoodni@alexa.com,Female,199.171.233.101
1948,Mal,Ewols,mewolsnj@shinystat.com,Male,167.176.148.228
1949,Cynde,Pochet,cpochetnk@hostgator.com,Female,62.82.218.10
1950,Culley,Suett,csuettnl@merriam-webster.com,Male,185.73.139.151
1951,Godfrey,Vasyunkin,gvasyunkinnm@ebay.com,Male,76.97.179.194
1952,Curtis,Cawthorne,ccawthornenn@4shared.com,Male,67.216.78.83
1953,Ruthanne,Brownhill,rbrownhillno@webnode.com,Female,113.218.208.186
1954,Bern,Kerford,bkerfordnp@amazon.com,Agender,191.204.210.3
1955,Vivyanne,Cardozo,vcardozonq@github.io,Female,242.13.136.99
1956,Jyoti,Whittle,jwhittlenr@disqus.com,Female,190.168.111.190
1957,Albertine,Setch,asetchns@cmu.edu,Female,66.124.54.53
1958,Ashien,Storton,astortonnt@last.fm,Non-binary,50.8.54.57
1959,Skipp,Caddens,scaddensnu@imageshack.us,Male,75.31.129.241
1960,Fredric,Luberti,flubertinv@unc.edu,Male,106.101.71.202
1961,Hadlee,Gutcher,hgutchernw@facebook.com,Male,101.226.27.64
1962,Emily,Hellwing,ehellwingnx@wordpress.com,Bigender,199.134.150.145
1963,Cindee,Offen,coffenny@usa.gov,Female,181.139.66.195
1964,Hasty,Tackley,htackleynz@prweb.com,Male,153.177.143.226
1965,Barty,Croote,bcrooteo0@ft.com,Male,88.235.94.54
1966,Garik,Fance,gfanceo1@apache.org,Genderqueer,226.115.42.217
1967,Carlene,O'Fihillie,cofihillieo2@desdev.cn,Female,144.41.28.109
1968,Arni,Kerwen,akerweno3@businessweek.com,Male,162.63.27.148
1969,Devland,Marlow,dmarlowo4@tiny.cc,Male,167.144.169.97
1970,Odelinda,Skippon,oskippono5@toplist.cz,Female,106.97.32.13
1971,Art,Andreoletti,aandreolettio6@a8.net,Male,224.238.84.148
1972,Constancia,Sabatini,csabatinio7@g.co,Female,186.190.180.212
1973,Vinny,Fulham,vfulhamo8@usda.gov,Male,143.19.82.48
1974,Ransom,Shadwick,rshadwicko9@hugedomains.com,Male,106.83.181.64
1975,Fidel,Gionettitti,fgionettittioa@paypal.com,Male,47.76.79.159
1976,Bjorn,Dight,bdightob@ovh.net,Male,172.191.206.182
1977,Saul,Varnham,svarnhamoc@goodreads.com,Male,130.13.165.123
1978,Staford,Trussman,strussmanod@google.pl,Male,47.74.80.92
1979,Wallis,Grane,wgraneoe@hao123.com,Male,76.139.209.251
1980,Vaughan,Janse,vjanseof@accuweather.com,Male,117.183.230.116
1981,Lorilee,Haydney,lhaydneyog@sfgate.com,Female,215.200.28.161
1982,Jessamine,Ellinor,jellinoroh@dyndns.org,Female,141.102.77.205
1983,Lucho,Rubinsztein,lrubinszteinoi@rakuten.co.jp,Male,95.86.252.224
1984,Ronnie,Kezar,rkezaroj@kickstarter.com,Male,225.19.245.7
1985,Gabbie,McIlwraith,gmcilwraithok@twitpic.com,Male,144.108.191.149
1986,Tonya,Thurlbourne,tthurlbourneol@europa.eu,Female,226.23.31.249
1987,Arline,Reston,arestonom@photobucket.com,Female,70.56.110.184
1988,Bette,Chastey,bchasteyon@examiner.com,Female,115.59.208.216
1989,Had,Olden,holdenoo@cyberchimps.com,Genderfluid,253.163.57.240
1990,Trula,Slimme,tslimmeop@cbc.ca,Female,126.25.143.5
1991,Netty,Smedmore,nsmedmoreoq@technorati.com,Female,195.205.137.135
1992,Dinny,Bofield,dbofieldor@ca.gov,Female,35.29.248.32
1993,Alberto,Lempertz,alempertzos@virginia.edu,Bigender,96.176.42.132
1994,Justus,Opfer,jopferot@wiley.com,Male,126.90.156.29
1995,Rosina,Verlinde,rverlindeou@spiegel.de,Female,237.122.154.67
1996,Welby,Peever,wpeeverov@odnoklassniki.ru,Male,83.184.16.169
1997,Johnathan,Harnor,jharnorow@dailymail.co.uk,Male,239.36.223.190
1998,Elysee,Doble,edobleox@umn.edu,Female,109.156.0.21
1999,Barbee,Saynor,bsaynoroy@hubpages.com,Female,157.207.245.135
2000,Montague,Meakin,mmeakinoz@aboutads.info,Agender,93.65.137.56
2001,Billi,Lightowler,blightowlerp0@squarespace.com,Female,48.81.114.27
2002,Dori,Lear,dlearp1@nyu.edu,Female,206.233.23.244
2003,Cheston,Midford,cmidfordp2@twitter.com,Male,180.148.70.11
2004,Oliviero,Yitzhakov,oyitzhakovp3@paypal.com,Male,76.124.104.96
2005,Van,Dibnah,vdibnahp4@hao123.com,Male,13.202.197.158
2006,Shannon,Narey,snareyp5@weather.com,Male,33.43.254.143
2007,Neila,Palk,npalkp6@hexun.com,Female,176.42.145.151
2008,Patin,Jedrzejewski,pjedrzejewskip7@squidoo.com,Male,235.93.32.219
2009,Ysabel,Ilive,yilivep8@pen.io,Female,109.244.169.128
2010,Carmelle,Fratson,cfratsonp9@patch.com,Female,214.64.154.68
2011,Gail,Narrie,gnarriepa@weebly.com,Male,2.227.90.126
2012,Wadsworth,Twamley,wtwamleypb@umich.edu,Male,168.122.119.73
2013,Donia,Breston,dbrestonpc@nasa.gov,Female,148.184.92.186
2014,Brendis,Crowter,bcrowterpd@bravesites.com,Male,71.228.57.144
2015,Lelia,Plumstead,lplumsteadpe@fotki.com,Genderqueer,133.145.84.6
2016,Cy,Farn,cfarnpf@msn.com,Male,129.101.30.39
2017,Rochette,Christer,rchristerpg@biglobe.ne.jp,Non-binary,87.21.5.12
2018,Mord,Saltrese,msaltreseph@hp.com,Male,209.40.202.191
2019,Codi,Gristock,cgristockpi@gmpg.org,Male,251.144.159.103
2020,Yance,Hirsch,yhirschpj@abc.net.au,Male,162.159.244.51
2021,Dalenna,Feld,dfeldpk@photobucket.com,Female,87.113.117.97
2022,Marvin,Ferrotti,mferrottipl@zdnet.com,Male,12.46.106.36
2023,Vivianne,Beaulieu,vbeaulieupm@pen.io,Female,173.147.38.253
2024,Jaimie,McGow,jmcgowpn@mozilla.org,Male,116.59.156.231
2025,Letitia,Butner,lbutnerpo@ustream.tv,Female,123.150.96.184
2026,Madison,Langrick,mlangrickpp@digg.com,Male,84.249.74.78
2027,Robinetta,Stratiff,rstratiffpq@wikia.com,Female,78.182.196.124
2028,Haleigh,Bowcock,hbowcockpr@yahoo.com,Male,12.158.247.248
2029,Addie,McAleese,amcaleeseps@seattletimes.com,Male,9.58.67.232
2030,Josee,Fibbit,jfibbitpt@cdbaby.com,Female,173.118.117.51
2031,Kienan,Blamires,kblamirespu@europa.eu,Male,119.4.71.178
2032,Pauline,Meah,pmeahpv@usda.gov,Female,247.242.95.44
2033,Claire,Surby,csurbypw@elpais.com,Female,180.189.160.233
2034,Cory,Broseke,cbrosekepx@craigslist.org,Male,111.251.176.90
2035,Axel,Pfeifer,apfeiferpy@miibeian.gov.cn,Male,222.198.103.30
2036,Prudence,Collelton,pcolleltonpz@zimbio.com,Female,167.224.3.227
2037,Niles,Farthin,nfarthinq0@telegraph.co.uk,Male,152.206.75.16
2038,Bond,Trood,btroodq1@stanford.edu,Male,174.3.135.248
2039,Ainslee,Monini,amoniniq2@state.tx.us,Female,254.9.145.74
2040,Jamie,Gracey,jgraceyq3@devhub.com,Female,214.61.198.212
2041,Teddi,Fairlaw,tfairlawq4@github.com,Female,55.198.72.178
2042,Beth,Wharrier,bwharrierq5@comcast.net,Female,240.124.177.130
2043,Dory,Limbrick,dlimbrickq6@twitpic.com,Female,132.246.165.225
2044,Hayward,Fasham,hfashamq7@wix.com,Genderqueer,135.10.248.194
2045,Jozef,Pauel,jpauelq8@washingtonpost.com,Male,88.32.109.142
2046,Shawnee,Chelley,schelleyq9@go.com,Female,90.188.93.119
2047,Bert,Carlow,bcarlowqa@house.gov,Female,125.192.248.126
2048,Dania,Dunnet,ddunnetqb@aboutads.info,Female,178.194.18.63
2049,Kort,Marvin,kmarvinqc@ucsd.edu,Male,215.22.3.73
2050,Rolando,Gaddas,rgaddasqd@apple.com,Male,142.183.30.178
2051,Godart,Rospars,grosparsqe@accuweather.com,Male,194.214.96.160
2052,Arlee,Gergher,agergherqf@webs.com,Female,225.68.11.143
2053,Janina,Beddon,jbeddonqg@oracle.com,Female,109.223.202.53
2054,Caren,Braghini,cbraghiniqh@wisc.edu,Female,139.115.228.77
2055,Gianni,Rayne,grayneqi@home.pl,Male,73.52.72.30
2056,Garry,Dumbrall,gdumbrallqj@hhs.gov,Male,50.114.16.17
2057,Haroun,Dwire,hdwireqk@dell.com,Male,159.28.223.162
2058,Dukey,Matteo,dmatteoql@xing.com,Male,134.142.123.58
2059,Brandy,Mewes,bmewesqm@wisc.edu,Male,11.74.77.17
2060,Jody,Biles,jbilesqn@google.com,Female,242.19.101.88
2061,Oliviero,Johnke,ojohnkeqo@addtoany.com,Male,111.156.35.27
2062,Beryl,Elsworth,belsworthqp@icq.com,Female,66.110.160.138
2063,Ruthe,Popplewell,rpopplewellqq@topsy.com,Female,55.187.209.33
2064,Marlin,Baus,mbausqr@lycos.com,Male,109.68.12.89
2065,Adoree,Grelka,agrelkaqs@nih.gov,Female,63.38.53.81
2066,Constantine,Turvie,cturvieqt@newsvine.com,Female,128.67.96.122
2067,Kermit,Blodgett,kblodgettqu@taobao.com,Male,103.154.200.218
2068,Curtis,Colson,ccolsonqv@joomla.org,Male,244.141.102.247
2069,Robyn,Skirving,rskirvingqw@meetup.com,Genderqueer,31.59.170.230
2070,Jone,Matcham,jmatchamqx@so-net.ne.jp,Male,125.135.139.104
2071,Essie,Whitewood,ewhitewoodqy@wufoo.com,Female,173.243.124.186
2072,Alissa,Giraldon,agiraldonqz@army.mil,Female,153.52.168.49
2073,Lindsy,Brister,lbristerr0@163.com,Female,194.30.171.113
2074,Karissa,Harnor,kharnorr1@google.ca,Female,188.3.48.78
2075,Clarabelle,Montez,cmontezr2@epa.gov,Female,37.169.125.22
2076,Nigel,Tipping,ntippingr3@storify.com,Male,3.108.232.214
2077,Tore,Zmitrovich,tzmitrovichr4@engadget.com,Male,52.77.81.92
2078,Zeb,Widdison,zwiddisonr5@irs.gov,Male,251.168.135.41
2079,Briana,Glashby,bglashbyr6@wsj.com,Female,191.215.78.225
2080,Bo,Stein,bsteinr7@bigcartel.com,Male,161.168.46.30
2081,Rene,Blackmuir,rblackmuirr8@eventbrite.com,Agender,171.229.101.209
2082,Toinette,Hayley,thayleyr9@vk.com,Female,167.114.171.192
2083,Marie,Burgett,mburgettra@wp.com,Female,7.10.71.135
2084,Tito,Bernlin,tbernlinrb@examiner.com,Male,27.255.76.2
2085,Eugine,Tollow,etollowrc@sitemeter.com,Female,25.79.233.101
2086,Benny,Howgate,bhowgaterd@ycombinator.com,Female,175.191.190.110
2087,Zorine,Martins,zmartinsre@ftc.gov,Female,25.99.142.175
2088,Galen,Coates,gcoatesrf@mapy.cz,Male,155.47.132.56
2089,Dana,Esel,deselrg@ow.ly,Female,144.205.2.12
2090,Abbot,Fawkes,afawkesrh@army.mil,Male,136.167.27.211
2091,Giraud,Hearst,ghearstri@booking.com,Male,131.231.108.59
2092,Christyna,Danilyak,cdanilyakrj@typepad.com,Female,119.61.20.171
2093,Virge,Bulbeck,vbulbeckrk@cocolog-nifty.com,Male,101.19.204.37
2094,Rog,Top,rtoprl@tinypic.com,Male,215.40.17.238
2095,Ramonda,Houlton,rhoultonrm@pbs.org,Female,99.189.33.114
2096,Colline,Farington,cfaringtonrn@cisco.com,Female,126.186.186.164
2097,Lou,Whyborne,lwhybornero@google.ca,Female,77.230.253.160
2098,Lil,Bellord,lbellordrp@ucoz.ru,Female,77.108.81.158
2099,Janela,Cattel,jcattelrq@mlb.com,Female,168.69.239.209
2100,Hildegaard,Goldberg,hgoldbergrr@nhs.uk,Female,198.74.245.242
