id,first_name,last_name,email,gender,ip_address
101,Georgie,Demaine,gdemaine0@slate.com,Male,0.180.132.20
102,Dionis,Perassi,dperassi1@comcast.net,Female,181.201.146.163
103,Cross,Follett,cfollett2@wikia.com,Male,115.172.153.238
104,Moise,Coldridge,mcoldridge3@sfgate.com,Male,219.76.78.143
105,Findley,Hannigan,fhannigan4@nifty.com,Male,49.187.186.7
106,Tyler,Bowich,tbowich5@privacy.gov.au,Male,50.107.163.8
107,Kalvin,Timewell,ktimewell6@instagram.com,Male,115.179.20.17
108,Tobey,Pepperill,tpepperill7@godaddy.com,Female,21.3.2.144
109,Rosalinde,Abels,rabels8@linkedin.com,Female,14.112.51.102
110,Joey,Compton,jcompton9@walmart.com,Female,197.66.76.192
111,Lenard,Gowdridge,lgowdridgea@hc360.com,Non-binary,121.242.5.128
112,Ossie,Quinnelly,oquinnellyb@howstuffworks.com,Male,212.237.32.217
113,Theresina,Janssens,tjanssensc@github.com,Female,141.163.198.2
114,Ginnifer,Whithalgh,gwhithalghd@infoseek.co.jp,Female,190.68.58.213
115,Raoul,Barense,rbarensee@cpanel.net,Male,140.227.101.34
116,Rowney,Tyre,rtyref@cnet.com,Male,163.233.250.60
117,Shanta,Burehill,sburehillg@wisc.edu,Female,6.206.184.173
118,Leonora,Hordell,lhordellh@house.gov,Female,108.130.193.56
119,Dominga,Pearman,dpearmani@acquirethisname.com,Female,252.170.178.20
120,Devin,Parsand,dparsandj@jimdo.com,Female,158.95.143.83
121,Benn,Toby,btobyk@vistaprint.com,Male,74.31.240.100
122,Lutero,Langhorne,llanghornel@vimeo.com,Male,96.235.132.91
123,Fae,Sloss,fslossm@pen.io,Female,133.151.180.18
124,Emyle,Giacopetti,egiacopettin@163.com,Female,74.27.223.7
125,Glenden,Solesbury,gsolesburyo@cornell.edu,Male,21.217.158.234
126,Meryl,Kighly,mkighlyp@elpais.com,Female,12.98.63.244
127,Koenraad,McGerraghty,kmcgerraghtyq@purevolume.com,Male,4.254.230.183
128,Roseanne,Baldin,rbaldinr@w3.org,Female,85.99.28.98
129,Derk,Lavis,dlaviss@ed.gov,Male,157.170.9.119
130,Anabal,Camilleri,acamillerit@nydailynews.com,Female,90.183.129.25
131,Janel,Pohlak,jpohlaku@senate.gov,Female,160.68.2.175
132,Brenna,Frede,bfredev@ucsd.edu,Female,52.132.72.34
133,Lexine,De Laspee,ldelaspeew@oracle.com,Female,5.102.248.4
134,Agnella,Pothbury,apothburyx@bloglovin.com,Female,204.31.139.161
135,Sylvan,O'Hearn,sohearny@jugem.jp,Genderqueer,4.36.177.213
136,Aldin,Thorbon,athorbonz@archive.org,Male,87.163.220.66
137,Finlay,Giddons,fgiddons10@mozilla.org,Male,222.71.33.93
138,Karita,Letson,kletson11@prnewswire.com,Female,7.238.139.250
139,Meg,Jenkison,mjenkison12@google.ca,Female,155.192.111.80
140,Meredith,Beeden,mbeeden13@pagesperso-orange.fr,Male,161.231.137.77
141,Hubey,Satteford,hsatteford14@prweb.com,Male,72.219.210.190
142,Alaine,Gergely,agergely15@fema.gov,Female,157.201.203.242
143,Jasper,Varah,jvarah16@gravatar.com,Male,221.15.44.145
144,Chas,Whysall,cwhysall17@parallels.com,Genderfluid,64.91.178.184
145,Dalenna,Abbes,dabbes18@stanford.edu,Female,197.118.151.59
146,Ted,Suddock,tsuddock19@dedecms.com,Female,107.85.211.135
147,Asher,Benoi,abenoi1a@state.tx.us,Male,207.49.65.171
148,Estelle,Monelli,emonelli1b@sourceforge.net,Female,30.14.96.197
149,Elisha,Behnen,ebehnen1c@berkeley.edu,Female,168.58.176.46
150,Fiorenze,Houltham,fhoultham1d@delicious.com,Female,242.145.209.126
151,Adey,Cobon,acobon1e@hostgator.com,Female,195.115.233.238
152,Claudine,Willmett,cwillmett1f@parallels.com,Bigender,146.230.205.149
153,Baxter,Howerd,bhowerd1g@elegantthemes.com,Male,5.169.16.183
154,Heidi,Corkhill,hcorkhill1h@auda.org.au,Polygender,125.173.222.107
155,Roland,Tibb,rtibb1i@europa.eu,Male,19.50.26.151
156,Delinda,Eggleson,deggleson1j@privacy.gov.au,Female,95.209.194.113
157,Shellysheldon,Rylett,srylett1k@msu.edu,Genderfluid,167.10.97.44
158,Eileen,Hawkwood,ehawkwood1l@devhub.com,Female,232.206.13.211
159,Karel,Wilcockes,kwilcockes1m@intel.com,Female,174.86.197.18
160,Hally,Abramovitch,habramovitch1n@qq.com,Female,184.152.61.66
161,Marne,Niset,mniset1o@delicious.com,Female,18.75.229.12
162,Terza,Corroyer,tcorroyer1p@nydailynews.com,Female,248.43.163.251
163,Donna,Dyhouse,ddyhouse1q@fema.gov,Genderfluid,89.170.12.149
164,Cheston,Frensche,cfrensche1r@about.me,Male,175.26.23.45
165,Budd,Georgot,bgeorgot1s@digg.com,Male,198.215.255.163
166,Garald,Crumley,gcrumley1t@vkontakte.ru,Male,5.181.37.214
167,Tommi,Sievewright,tsievewright1u@yale.edu,Female,177.90.5.117
168,Antin,Crichton,acrichton1v@vk.com,Male,93.138.236.1
169,Jakob,Samsworth,jsamsworth1w@thetimes.co.uk,Male,151.216.49.114
170,Abagail,Oven,aoven1x@ox.ac.uk,Female,170.84.149.138
171,Karoline,McKibben,kmckibben1y@dot.gov,Female,255.160.241.250
172,Marji,Cornall,mcornall1z@ucoz.ru,Female,211.169.160.122
173,Mikel,Caustic,mcaustic20@time.com,Male,153.62.154.135
174,Zane,Rawlins,zrawlins21@soundcloud.com,Male,198.16.105.3
175,Monty,Vahl,mvahl22@wordpress.com,Male,22.61.242.213
176,Tasha,Brettoner,tbrettoner23@homestead.com,Female,182.193.138.227
177,Bernie,MacGorman,bmacgorman24@salon.com,Male,60.149.197.110
178,Augusto,Nye,anye25@unesco.org,Genderqueer,74.172.184.87
179,Rafferty,Eveque,reveque26@google.com.au,Male,241.107.34.223
180,Adolf,Bolt,abolt27@slideshare.net,Male,185.240.212.229
181,Ingamar,Wason,iwason28@europa.eu,Male,189.227.63.61
182,Marcos,McCawley,mmccawley29@harvard.edu,Male,135.104.236.154
183,Whitney,Ayshford,wayshford2a@biglobe.ne.jp,Bigender,247.37.172.123
184,Alfred,Luscombe,aluscombe2b@ovh.net,Male,62.244.75.50
185,Lanie,Barkworth,lbarkworth2c@hibu.com,Female,219.125.21.116
186,Ag,Larrosa,alarrosa2d@tuttocitta.it,Female,71.130.177.245
187,Idaline,Carter,icarter2e@fema.gov,Female,235.124.22.67
188,Ruby,Walden,rwalden2f@macromedia.com,Female,206.190.8.190
189,Liliane,Sekulla,lsekulla2g@dmoz.org,Genderqueer,200.12.46.165
190,Burch,Ellington,bellington2h@xrea.com,Male,63.218.36.173
191,Fred,Igounet,figounet2i@cmu.edu,Genderfluid,252.118.6.85
192,Anabel,Chittim,achittim2j@about.me,Non-binary,59.134.243.1
193,Rina,Djokic,rdjokic2k@dion.ne.jp,Female,23.202.218.148
194,Clarissa,Scheffel,cscheffel2l@bing.com,Female,247.137.208.99
195,Mortimer,Jersch,mjersch2m@networkadvertising.org,Bigender,150.203.87.133
196,Bernarr,Flanaghan,bflanaghan2n@howstuffworks.com,Agender,86.221.254.99
197,Dina,Ferretti,dferretti2o@webmd.com,Female,60.202.87.63
198,Melamie,McVitie,mmcvitie2p@vk.com,Female,190.217.204.174
199,Josefa,Slany,jslany2q@businessinsider.com,Female,180.141.214.132
200,Susana,Mease,smease2r@odnoklassniki.ru,Genderfluid,220.12.149.50
201,Gardy,Storrier,gstorrier2s@spotify.com,Male,111.103.75.98
202,Fair,Kintzel,fkintzel2t@opera.com,Male,243.253.160.6
203,Nehemiah,Blaydon,nblaydon2u@yolasite.com,Male,19.105.42.23
204,Alejandrina,Nana,anana2v@columbia.edu,Female,1.125.38.93
205,Rivi,Howitt,rhowitt2w@cnet.com,Female,104.119.51.207
206,Pauletta,Huygens,phuygens2x@e-recht24.de,Female,124.221.234.33
207,Judy,Bramhall,jbramhall2y@scientificamerican.com,Female,162.34.164.112
208,Mandy,Satcher,msatcher2z@bloglines.com,Female,228.43.113.240
209,Nappy,Braunston,nbraunston30@ucoz.com,Male,193.58.66.74
210,Cleve,Bortoli,cbortoli31@amazon.co.uk,Male,18.237.60.206
211,Alidia,Strauss,astrauss32@so-net.ne.jp,Female,201.141.228.190
212,Patrice,Bracey,pbracey33@163.com,Male,219.93.144.225
213,Kevyn,Riediger,kriediger34@networkadvertising.org,Female,154.33.213.31
214,Cherilynn,Salman,csalman35@amazonaws.com,Female,17.145.156.99
215,Lin,Waldram,lwaldram36@github.io,Female,208.75.253.178
216,Mina,Chaplyn,mchaplyn37@merriam-webster.com,Female,146.42.167.240
217,Evonne,Weeden,eweeden38@arizona.edu,Female,174.28.134.171
218,Stormi,Crispin,scrispin39@ifeng.com,Female,24.153.88.64
219,Thekla,Fuchs,tfuchs3a@goo.gl,Female,156.221.110.242
220,Olag,Wheelwright,owheelwright3b@cpanel.net,Male,173.105.173.183
221,Syd,Dukesbury,sdukesbury3c@amazon.co.jp,Male,221.119.122.112
222,Stephanus,Rowett,srowett3d@fotki.com,Male,139.130.93.145
223,Marcel,Hawse,mhawse3e@mit.edu,Male,49.201.124.184
224,Gualterio,Scorthorne,gscorthorne3f@merriam-webster.com,Male,228.79.235.205
225,Fancie,Macewan,fmacewan3g@usa.gov,Female,42.231.223.114
226,Iorgo,Poplee,ipoplee3h@uol.com.br,Male,237.111.249.126
227,Aretha,Corns,acorns3i@studiopress.com,Female,112.165.229.228
228,Ros,Terris,rterris3j@imageshack.us,Female,192.221.167.40
229,Jackqueline,Feifer,jfeifer3k@blog.com,Female,132.85.230.66
230,Ozzy,Banthorpe,obanthorpe3l@technorati.com,Male,229.201.113.21
231,Cathrin,Duns,cduns3m@wikipedia.org,Female,109.67.98.218
232,Darell,Melmeth,dmelmeth3n@lycos.com,Female,123.153.187.228
233,Eward,Smeaton,esmeaton3o@joomla.org,Male,211.193.63.18
234,Cathyleen,Paintain,cpaintain3p@dedecms.com,Female,232.79.103.56
235,Opalina,MacCallion,omaccallion3q@delicious.com,Genderqueer,4.239.120.247
236,Julienne,Chugg,jchugg3r@g.co,Polygender,31.173.200.132
237,Gianina,Cowp,gcowp3s@cnbc.com,Female,221.154.84.235
238,Farah,De Ambrosis,fdeambrosis3t@digg.com,Female,245.207.255.219
239,Joellyn,Sorton,jsorton3u@fema.gov,Female,165.200.67.28
240,Aurelia,Huckerby,ahuckerby3v@go.com,Female,66.254.76.138
241,Yolane,Brookbank,ybrookbank3w@theguardian.com,Female,11.78.37.129
242,Ketty,Farnham,kfarnham3x@cafepress.com,Female,32.82.177.175
243,Barrie,Oylett,boylett3y@va.gov,Male,168.74.2.48
244,Bren,Shortell,bshortell3z@purevolume.com,Male,240.67.32.109
245,Bernadina,Jimenez,bjimenez40@paginegialle.it,Female,91.92.137.48
246,Brock,Lownie,blownie41@godaddy.com,Genderqueer,246.68.16.9
247,Urson,Chasmoor,uchasmoor42@github.io,Male,185.159.62.108
248,Elka,Whilder,ewhilder43@boston.com,Female,24.113.16.183
249,Devonne,Danser,ddanser44@csmonitor.com,Female,156.155.135.104
250,Rahel,Gonthard,rgonthard45@yandex.ru,Female,83.40.13.170
251,Florri,Gallehawk,fgallehawk46@deliciousdays.com,Agender,190.112.142.53
252,Mario,Bench,mbench47@pen.io,Male,211.74.248.217
253,Fernando,Grigoli,fgrigoli48@ihg.com,Male,130.238.181.226
254,Ermina,Abethell,eabethell49@home.pl,Female,139.165.194.89
255,Julissa,Stellman,jstellman4a@pcworld.com,Female,44.107.84.195
256,Cordelia,Varley,cvarley4b@webmd.com,Female,96.9.65.85
257,Abbott,Habershaw,ahabershaw4c@infoseek.co.jp,Agender,134.220.181.11
258,Florence,Posnette,fposnette4d@usatoday.com,Female,254.147.243.155
259,Lorant,Balchin,lbalchin4e@nyu.edu,Male,207.175.130.243
260,Veronike,Kirtland,vkirtland4f@accuweather.com,Genderfluid,178.140.20.122
261,Helge,Pietzner,hpietzner4g@apache.org,Female,230.41.28.9
262,Zeb,Stead,zstead4h@cisco.com,Male,169.80.218.124
263,Burke,Boffin,bboffin4i@sciencedaily.com,Male,57.93.244.139
264,Dian,Johnes,djohnes4j@mashable.com,Female,151.85.204.114
265,Dalton,Bagster,dbagster4k@gov.uk,Male,111.146.143.150
266,Angie,Batchelor,abatchelor4l@cisco.com,Genderfluid,66.223.246.48
267,Abdel,Hencke,ahencke4m@twitpic.com,Male,207.24.53.237
268,Brooks,Blake,bblake4n@phpbb.com,Female,169.62.217.15
269,Lilah,Annes,lannes4o@parallels.com,Female,57.73.130.63
270,Bradan,McDermott,bmcdermott4p@delicious.com,Male,26.185.71.190
271,Madison,Larchier,mlarchier4q@google.es,Male,80.124.205.22
272,Mervin,Hyams,mhyams4r@elpais.com,Male,235.144.90.24
273,Natka,Joron,njoron4s@pinterest.com,Female,19.152.103.41
274,Sigfrid,Burnitt,sburnitt4t@guardian.co.uk,Male,97.204.169.51
275,Arlina,Cuff,acuff4u@vimeo.com,Female,180.252.30.131
276,Kennith,Jimenez,kjimenez4v@reverbnation.com,Genderfluid,20.194.179.9
277,Rubi,Losano,rlosano4w@angelfire.com,Female,20.152.171.68
278,Skye,Overpool,soverpool4x@twitter.com,Male,92.5.89.80
279,Reed,Ashall,rashall4y@chronoengine.com,Male,139.119.144.225
280,Leontine,Dowson,ldowson4z@goodreads.com,Female,122.90.193.254
281,Matelda,Vasilechko,mvasilechko50@ucoz.ru,Non-binary,1.246.36.183
282,Emmaline,Geeson,egeeson51@deliciousdays.com,Female,101.69.36.81
283,Adams,Brotherhed,abrotherhed52@liveinternet.ru,Male,4.132.48.71
284,Cristin,Baillie,cbaillie53@google.nl,Female,117.239.56.224
285,Erich,Corre,ecorre54@wufoo.com,Male,25.54.226.192
286,Reinald,Van Niekerk,rvanniekerk55@google.com.au,Male,210.197.196.138
287,Kerwin,Joffe,kjoffe56@examiner.com,Male,77.150.190.159
288,Silvain,Itscovitz,sitscovitz57@msu.edu,Male,101.45.159.192
289,Arnold,McIsaac,amcisaac58@vimeo.com,Male,25.85.186.24
290,Kellen,Bulbeck,kbulbeck59@usda.gov,Male,248.171.37.30
291,Wolf,Duinbleton,wduinbleton5a@e-recht24.de,Male,214.247.43.98
292,Max,Dilger,mdilger5b@earthlink.net,Agender,86.120.10.200
293,Ophelie,Roussell,oroussell5c@cpanel.net,Female,126.133.158.201
294,Dougy,Muris,dmuris5d@wiley.com,Male,213.223.246.67
295,Ada,Brogan,abrogan5e@topsy.com,Female,170.43.44.74
296,Tiebout,Levesley,tlevesley5f@4shared.com,Bigender,207.9.0.252
297,Gerda,Sellars,gsellars5g@disqus.com,Female,163.9.228.62
298,Field,Cortes,fcortes5h@bravesites.com,Polygender,205.81.126.157
299,Ramonda,Barff,rbarff5i@vkontakte.ru,Female,51.8.213.169
300,Galven,Troughton,gtroughton5j@typepad.com,Male,179.60.81.52
301,Ardra,Ondrousek,aondrousek5k@cdbaby.com,Female,16.212.161.232
302,Renault,Worthy,rworthy5l@toplist.cz,Male,105.222.197.50
303,Desdemona,Fabbri,dfabbri5m@aol.com,Female,144.169.46.248
304,Inness,Niccols,iniccols5n@adobe.com,Male,178.1.34.62
305,Margarita,Winscum,mwinscum5o@artisteer.com,Genderqueer,167.164.92.165
306,Walt,Chateau,wchateau5p@dailymotion.com,Male,14.223.35.230
307,Janna,Dagg,jdagg5q@yellowpages.com,Female,231.99.140.190
308,Karel,Moehler,kmoehler5r@indiegogo.com,Female,207.193.132.7
309,Worthington,Popplewell,wpopplewell5s@dmoz.org,Male,120.114.108.145
310,Kerwin,Spurdens,kspurdens5t@hao123.com,Male,109.36.30.82
311,Rogerio,Shadfourth,rshadfourth5u@kickstarter.com,Male,143.134.140.50
312,Hilliard,Oluwatoyin,holuwatoyin5v@ebay.com,Male,134.172.92.137
313,Abby,Willford,awillford5w@cisco.com,Male,125.246.67.229
314,Klement,Killelea,kkillelea5x@illinois.edu,Male,202.115.228.240
315,Ansley,Abethell,aabethell5y@storify.com,Female,13.215.187.13
316,Emerson,Brunton,ebrunton5z@xrea.com,Male,215.169.85.43
317,Jonah,Critten,jcritten60@cocolog-nifty.com,Male,232.228.148.100
318,Stacee,Cassy,scassy61@cafepress.com,Male,103.242.61.109
319,Huntington,Load,hload62@e-recht24.de,Male,115.227.146.78
320,Dennis,Keppin,dkeppin63@latimes.com,Male,234.126.71.69
321,Dugald,Maffin,dmaffin64@tripod.com,Male,77.161.250.167
322,Vilma,Fernley,vfernley65@msn.com,Female,86.61.109.184
323,Shawna,Gabb,sgabb66@omniture.com,Female,96.74.152.186
324,Herby,Haking,hhaking67@sakura.ne.jp,Male,50.123.252.42
325,Pegeen,Ivashev,pivashev68@fc2.com,Female,100.203.197.129
326,Bonny,Genny,bgenny69@fc2.com,Female,104.80.170.21
327,Irma,Mully,imully6a@mlb.com,Bigender,209.124.19.109
328,Elvin,Toye,etoye6b@engadget.com,Male,73.19.86.108
329,Buckie,Loffhead,bloffhead6c@amazon.co.uk,Male,148.229.116.218
330,Curt,Sudworth,csudworth6d@technorati.com,Male,25.132.130.65
331,Torrin,Buckleigh,tbuckleigh6e@sina.com.cn,Male,109.252.185.203
332,Corney,Gunner,cgunner6f@discovery.com,Male,252.234.131.241
333,Benoit,Jinkins,bjinkins6g@xrea.com,Male,201.182.225.105
334,Cindee,Stooke,cstooke6h@google.com.au,Female,68.102.155.225
335,Levey,Merryfield,lmerryfield6i@hostgator.com,Male,85.18.78.54
336,Jessy,McMeanma,jmcmeanma6j@imdb.com,Female,161.231.130.76
337,Greggory,Bavin,gbavin6k@google.fr,Male,169.248.36.180
338,Denny,Mish,dmish6l@arstechnica.com,Female,17.150.71.189
339,Dehlia,Densumbe,ddensumbe6m@smh.com.au,Female,202.122.160.219
340,Aloysius,McArt,amcart6n@newyorker.com,Male,188.243.247.142
341,Gavin,Sapsed,gsapsed6o@apache.org,Male,156.112.223.61
342,Robers,Trembey,rtrembey6p@vistaprint.com,Male,94.124.103.84
343,Ardine,Freddi,afreddi6q@usnews.com,Female,142.170.135.219
344,Caesar,Grange,cgrange6r@t-online.de,Male,255.142.121.17
345,Broddy,Hubble,bhubble6s@cmu.edu,Male,105.97.209.126
346,Giacinta,Olley,golley6t@amazon.com,Female,123.54.99.152
347,Micky,Lilley,mlilley6u@istockphoto.com,Genderfluid,233.69.2.4
348,Dorris,Spinke,dspinke6v@trellian.com,Female,197.33.214.168
349,Iorgos,Quidenham,iquidenham6w@wikimedia.org,Male,229.144.69.56
350,Hedi,Obern,hobern6x@cam.ac.uk,Female,197.155.197.108
351,Eldridge,Lamplugh,elamplugh6y@quantcast.com,Male,8.83.203.202
352,Cecilius,Poytres,cpoytres6z@icio.us,Male,52.19.150.237
353,Farlee,Oatley,foatley70@reddit.com,Male,10.102.223.73
354,Francklyn,Impey,fimpey71@jimdo.com,Male,109.14.128.21
355,Tristan,Philpots,tphilpots72@netscape.com,Male,84.218.116.165
356,Shana,Raubenheimer,sraubenheimer73@nyu.edu,Female,21.87.67.213
357,Terrye,Gain,tgain74@gov.uk,Female,193.60.201.228
358,Alec,Carbett,acarbett75@sakura.ne.jp,Male,112.164.103.227
359,Jimmy,Wingatt,jwingatt76@toplist.cz,Male,85.107.161.219
360,Adella,Sparsholt,asparsholt77@ocn.ne.jp,Female,105.212.37.250
361,Janet,Choppin,jchoppin78@yahoo.co.jp,Female,72.198.172.153
362,Ira,Allcock,iallcock79@state.tx.us,Male,189.178.49.115
363,Fawn,Cordsen,fcordsen7a@time.com,Female,163.121.126.118
364,Wye,Bickle,wbickle7b@miibeian.gov.cn,Male,123.6.180.79
365,Cheryl,Hallgarth,challgarth7c@addtoany.com,Female,152.8.29.192
366,Golda,Robbey,grobbey7d@senate.gov,Female,10.23.161.231
367,Faunie,Rozenzweig,frozenzweig7e@fotki.com,Female,87.165.52.146
368,Kristian,Reiglar,kreiglar7f@blog.com,Bigender,15.71.218.216
369,Jocelin,Laffling,jlaffling7g@google.ca,Female,178.242.147.169
370,Ivette,Olver,iolver7h@washington.edu,Female,122.20.181.207
371,Idell,Hounihan,ihounihan7i@lycos.com,Female,87.234.74.62
372,Shurlock,McGarva,smcgarva7j@wikispaces.com,Male,212.99.42.135
373,Shellie,Woodroffe,swoodroffe7k@mtv.com,Female,26.133.225.79
374,Marin,Esch,mesch7l@chronoengine.com,Female,50.61.12.107
375,Ekaterina,Velte,evelte7m@archive.org,Female,47.48.6.189
376,Debbie,Burnes,dburnes7n@hatena.ne.jp,Female,192.102.230.54
377,Blake,Gosforth,bgosforth7o@mail.ru,Genderfluid,216.146.168.137
378,Eleonora,Agostini,eagostini7p@yellowpages.com,Female,34.59.0.100
379,Ardeen,Goodhay,agoodhay7q@google.com,Female,87.83.130.251
380,Ginger,Everard,geverard7r@walmart.com,Genderfluid,96.27.44.12
381,Anestassia,Joppich,ajoppich7s@soundcloud.com,Female,39.188.148.30
382,Reg,Cuff,rcuff7t@nhs.uk,Male,155.64.70.233
383,Louis,Cherry,lcherry7u@zdnet.com,Male,248.182.251.197
384,Dennet,Magnay,dmagnay7v@photobucket.com,Genderqueer,95.152.150.199
385,Jaimie,Castenda,jcastenda7w@ifeng.com,Male,53.120.61.100
386,Kristan,Freyne,kfreyne7x@answers.com,Female,207.22.106.8
387,Ealasaid,Bayle,ebayle7y@ox.ac.uk,Female,100.18.234.214
388,Berkley,Andree,bandree7z@wikipedia.org,Male,204.23.103.44
389,Jefferey,Band,jband80@prweb.com,Bigender,104.29.91.101
390,Hirsch,Yitzowitz,hyitzowitz81@slideshare.net,Male,17.53.140.93
391,Tybalt,Popeley,tpopeley82@ed.gov,Male,143.228.120.134
392,Jaclyn,Ingolotti,jingolotti83@nih.gov,Female,164.168.212.147
393,Wesley,Dearnaley,wdearnaley84@twitpic.com,Male,181.194.213.237
394,Lombard,Surcomb,lsurcomb85@thetimes.co.uk,Male,254.187.40.177
395,Hildegarde,Balderstone,hbalderstone86@omniture.com,Female,148.201.76.47
396,Frans,Grimshaw,fgrimshaw87@washingtonpost.com,Male,142.195.123.205
397,Lazar,Hains,lhains88@typepad.com,Non-binary,116.124.92.53
398,Tadio,Pentecost,tpentecost89@illinois.edu,Male,100.23.50.39
399,Saunderson,Edgeson,sedgeson8a@army.mil,Male,201.166.88.190
400,Melissa,Janusz,mjanusz8b@smh.com.au,Female,66.244.159.213
401,Sally,Van der Hoven,svanderhoven8c@infoseek.co.jp,Female,216.52.238.113
402,Lotta,Strugnell,lstrugnell8d@bizjournals.com,Female,94.54.110.145
403,Bathsheba,Sandeson,bsandeson8e@arizona.edu,Female,74.12.215.196
404,Joyan,Blenkiron,jblenkiron8f@un.org,Female,193.112.156.154
405,Audrye,Maus,amaus8g@nasa.gov,Female,7.9.40.38
406,Celestia,Charlo,ccharlo8h@wikia.com,Non-binary,230.194.71.201
407,Darcey,Cansdale,dcansdale8i@huffingtonpost.com,Female,132.22.65.192
408,Malcolm,Hurling,mhurling8j@apache.org,Male,191.204.191.139
409,Ingemar,Louth,ilouth8k@bloglines.com,Male,233.142.43.17
410,Almeria,Sexton,asexton8l@toplist.cz,Female,3.204.92.140
411,Moises,Leupoldt,mleupoldt8m@samsung.com,Male,226.45.14.60
412,Kinna,Matusevich,kmatusevich8n@ucla.edu,Female,67.138.94.232
413,Elvyn,Trineman,etrineman8o@europa.eu,Male,120.134.43.186
414,Leola,Gerdes,lgerdes8p@tmall.com,Female,50.44.150.222
415,Katrine,Allone,kallone8q@360.cn,Female,160.214.213.136
416,Kenton,Bosche,kbosche8r@discovery.com,Male,91.84.10.175
417,Saloma,Cosbee,scosbee8s@github.io,Female,89.224.150.235
418,Manuel,Stoad,mstoad8t@delicious.com,Male,5.231.112.241
419,Sheeree,Hughs,shughs8u@jugem.jp,Female,188.186.191.190
420,Jeanine,Piner,jpiner8v@wufoo.com,Female,125.116.60.238
421,Jenelle,Sloley,jsloley8w@boston.com,Female,195.35.225.69
422,Thibaut,Bedbury,tbedbury8x@webs.com,Genderqueer,118.142.50.45
423,Tony,Gaw,tgaw8y@netlog.com,Male,56.208.131.92
424,Ivy,Frantsev,ifrantsev8z@arizona.edu,Female,152.182.164.107
425,Marabel,Kinvig,mkinvig90@ihg.com,Female,156.153.6.188
426,Bern,Coate,bcoate91@mayoclinic.com,Male,187.165.120.134
427,Dulciana,Bettington,dbettington92@rediff.com,Female,52.9.209.198
428,Aubine,Artrick,aartrick93@delicious.com,Female,202.102.75.73
429,Hieronymus,Noye,hnoye94@usda.gov,Male,166.31.168.253
430,Antonie,Pleasance,apleasance95@ameblo.jp,Polygender,183.131.164.31
431,Gregoor,Keri,gkeri96@adobe.com,Male,228.179.94.125
432,Rudolfo,Hawley,rhawley97@paypal.com,Male,38.79.116.203
433,Englebert,De Beneditti,edebeneditti98@weebly.com,Male,162.232.112.14
434,Sharona,Cockerill,scockerill99@businessinsider.com,Female,73.35.37.137
435,Alex,Starrs,astarrs9a@who.int,Male,97.107.31.105
436,Yuri,Sparrowe,ysparrowe9b@bandcamp.com,Male,182.21.140.82
437,Earlie,Wybrew,ewybrew9c@jalbum.net,Male,248.198.118.245
438,Niels,McCane,nmccane9d@tumblr.com,Male,48.13.32.227
439,Larina,Krojn,lkrojn9e@techcrunch.com,Female,121.250.243.74
440,Darryl,Schimann,dschimann9f@toplist.cz,Genderfluid,23.20.214.220
441,Beth,Fenner,bfenner9g@constantcontact.com,Female,183.238.8.58
442,Emmett,Geator,egeator9h@dedecms.com,Male,76.224.61.110
443,Russ,Flintuff,rflintuff9i@businessinsider.com,Male,90.14.237.201
444,Elianore,Mindenhall,emindenhall9j@scribd.com,Female,79.156.84.141
445,Rockey,Ablitt,rablitt9k@miibeian.gov.cn,Male,194.157.31.61
446,Dottie,Readings,dreadings9l@mozilla.org,Female,229.29.221.82
447,Jo ann,Bergeau,jbergeau9m@accuweather.com,Bigender,22.192.125.31
448,Theodor,Northfield,tnorthfield9n@noaa.gov,Male,72.236.9.77
449,Lucius,Willison,lwillison9o@nyu.edu,Genderqueer,234.152.111.71
450,Ricky,Bilbie,rbilbie9p@seesaa.net,Male,29.244.93.150
451,Abagail,Chatan,achatan9q@opera.com,Female,75.213.126.230
452,Tad,Walkling,twalkling9r@dropbox.com,Male,171.40.106.252
453,Hugh,MacCambridge,hmaccambridge9s@ustream.tv,Male,87.156.226.30
454,Ruthann,Richin,rrichin9t@java.com,Female,217.83.102.183
455,Hillard,Poulston,hpoulston9u@123-reg.co.uk,Male,101.222.251.163
456,Kit,Utterson,kutterson9v@spiegel.de,Female,231.48.179.102
457,Petunia,Cochrane,pcochrane9w@blog.com,Female,50.19.28.240
458,Mohandas,Evennett,mevennett9x@sphinn.com,Male,219.111.93.187
459,Blanche,Torricella,btorricella9y@behance.net,Female,149.205.191.46
460,Barn,Leale,bleale9z@timesonline.co.uk,Male,119.13.27.210
461,Allin,Landreth,alandretha0@behance.net,Male,12.35.105.144
462,Jorge,Taber,jtabera1@house.gov,Male,76.131.192.154
463,Joete,Fromant,jfromanta2@barnesandnoble.com,Female,66.222.20.41
464,Ibby,Sworn,isworna3@wikipedia.org,Female,12.127.214.59
465,Huey,Rubke,hrubkea4@who.int,Male,160.11.253.151
466,Garland,Blazejewski,gblazejewskia5@photobucket.com,Female,198.247.3.168
467,Shaina,Tsarovic,stsarovica6@unblog.fr,Female,85.129.145.44
468,Mikey,Taphouse,mtaphousea7@bloomberg.com,Male,205.221.97.47
469,Vivianne,Ratie,vratiea8@aol.com,Female,42.102.214.133
470,Rick,McCulley,rmcculleya9@buzzfeed.com,Male,86.188.141.176
471,Dre,Paten,dpatenaa@cyberchimps.com,Female,236.221.246.109
472,Emili,Vinsen,evinsenab@guardian.co.uk,Agender,39.33.57.71
473,Merrilee,Nials,mnialsac@eventbrite.com,Female,2.153.70.128
474,Gilburt,Kenealy,gkenealyad@xing.com,Non-binary,161.3.209.135
475,Win,Alger,walgerae@buzzfeed.com,Male,59.75.194.138
476,Marcia,Suche,msucheaf@histats.com,Female,160.22.58.72
477,Stormi,Rohmer,srohmerag@redcross.org,Female,169.99.25.142
478,Emanuele,Shields,eshieldsah@google.nl,Male,250.66.65.191
479,Nannie,Bartusek,nbartusekai@nature.com,Female,183.144.244.61
480,Hagan,Pydcock,hpydcockaj@facebook.com,Male,123.146.117.131
481,Windy,Sara,wsaraak@creativecommons.org,Female,153.99.102.100
482,Christophe,Lofty,cloftyal@storify.com,Male,240.192.242.44
483,Carlyle,McGreal,cmcgrealam@fotki.com,Male,82.142.70.20
484,Louise,Texton,ltextonan@g.co,Female,109.146.133.4
485,Romy,Andriulis,randriulisao@istockphoto.com,Female,25.224.140.10
486,Jacenta,Dreger,jdregerap@indiegogo.com,Female,97.106.123.34
487,Davida,Lilliman,dlillimanaq@gravatar.com,Female,2.12.237.221
488,Jobye,Casina,jcasinaar@kickstarter.com,Female,190.160.105.70
489,Stanly,Gyer,sgyeras@t.co,Male,253.59.50.245
490,Clarke,Le Gall,clegallat@noaa.gov,Genderfluid,86.3.226.128
491,Sutherland,Depke,sdepkeau@skype.com,Male,42.2.147.68
492,Gerladina,Golly,ggollyav@hubpages.com,Genderqueer,98.85.152.2
493,Genvieve,Pinkard,gpinkardaw@wiley.com,Female,150.238.254.174
494,Merrill,Rainbow,mrainbowax@wiley.com,Genderfluid,207.47.123.20
495,Marleah,MacAllan,mmacallanay@last.fm,Female,169.63.89.225
496,Verla,Melby,vmelbyaz@boston.com,Female,171.71.122.62
497,Norris,Bastard,nbastardb0@networkadvertising.org,Male,173.204.180.69
498,Astrix,Boldra,aboldrab1@usatoday.com,Female,221.210.95.66
499,Quintin,Bath,qbathb2@taobao.com,Male,224.174.73.241
500,Virgilio,Hannaway,vhannawayb3@moonfruit.com,Male,176.45.76.202
501,Cello,Paxeford,cpaxefordb4@craigslist.org,Male,78.232.98.22
502,Ally,Brounfield,abrounfieldb5@xing.com,Female,181.44.39.216
503,Julian,Sutehall,jsutehallb6@ezinearticles.com,Polygender,0.115.126.49
504,Donny,Errowe,derroweb7@dropbox.com,Male,42.112.128.22
505,Dillon,Tomasz,dtomaszb8@epa.gov,Male,158.20.132.48
506,Harley,Dunderdale,hdunderdaleb9@parallels.com,Female,133.121.232.83
507,Dinah,Allsebrook,dallsebrookba@shutterfly.com,Female,254.19.62.129
508,Noland,Childs,nchildsbb@g.co,Male,30.12.206.195
509,Louisa,Cheshire,lcheshirebc@gravatar.com,Female,6.165.23.94
510,Hakeem,Denziloe,hdenziloebd@japanpost.jp,Male,111.1.251.220
511,Reagen,Scarffe,rscarffebe@flavors.me,Male,102.246.95.180
512,Kyle,Labuschagne,klabuschagnebf@reverbnation.com,Male,247.206.13.104
513,Johna,Windebank,jwindebankbg@yellowbook.com,Female,164.47.176.27
514,Zachary,Le Grys,zlegrysbh@ed.gov,Male,128.123.113.234
515,Jarrid,Sheen,jsheenbi@home.pl,Male,41.11.102.1
516,Brynn,Daburn,bdaburnbj@jiathis.com,Non-binary,249.101.204.168
517,Bibi,Garden,bgardenbk@wordpress.org,Female,193.79.116.206
518,Olvan,Lathey,olatheybl@reuters.com,Male,198.152.54.10
519,Rorke,Benazet,rbenazetbm@i2i.jp,Male,226.65.28.88
520,Wilmar,Hendrik,whendrikbn@chicagotribune.com,Male,248.45.250.197
521,Lorrie,Murty,lmurtybo@studiopress.com,Male,10.182.205.91
522,Anet,Durgan,adurganbp@samsung.com,Female,32.13.154.66
523,Violette,Hatrey,vhatreybq@reference.com,Female,169.222.156.161
524,Aindrea,Bedboro,abedborobr@posterous.com,Female,223.249.187.76
525,Tamera,D'Agostino,tdagostinobs@state.gov,Female,246.248.199.74
526,Hogan,Argabrite,hargabritebt@vinaora.com,Male,22.193.199.44
527,Kenyon,Margett,kmargettbu@bing.com,Male,23.105.255.32
528,Hastie,Tacon,htaconbv@epa.gov,Male,20.83.9.59
529,Anson,Strickler,astricklerbw@ocn.ne.jp,Male,24.249.95.34
530,Tuckie,Kilfeather,tkilfeatherbx@trellian.com,Male,148.70.41.199
531,Gordon,Hardwell,ghardwellby@google.ca,Male,109.6.19.165
532,Harrietta,Follows,hfollowsbz@nsw.gov.au,Female,102.222.68.250
533,Conrade,Shrieves,cshrievesc0@altervista.org,Male,206.182.150.30
534,Carey,Garwill,cgarwillc1@google.com.au,Male,138.88.9.6
535,Agretha,Tredget,atredgetc2@imageshack.us,Female,33.73.125.156
536,Kaspar,Plewman,kplewmanc3@sciencedirect.com,Male,161.220.208.103
537,Burk,Pilcher,bpilcherc4@bluehost.com,Polygender,169.63.103.51
538,Brandtr,Muggleton,bmuggletonc5@twitter.com,Male,168.210.185.40
539,Richardo,Kubicek,rkubicekc6@furl.net,Male,104.105.221.93
540,Joela,Sherwell,jsherwellc7@chron.com,Female,233.86.242.23
541,Reider,Spillane,rspillanec8@apache.org,Genderfluid,171.16.157.249
542,Thatcher,Edgerton,tedgertonc9@mtv.com,Male,13.201.41.52
543,Marcelline,Alsford,malsfordca@un.org,Female,227.59.41.33
544,Pearle,Barstowk,pbarstowkcb@ebay.co.uk,Female,37.229.223.241
545,Cammy,Claiden,cclaidencc@cdbaby.com,Female,58.200.151.20
546,Aristotle,Summerill,asummerillcd@discovery.com,Male,81.159.39.43
547,Roshelle,Vernay,rvernayce@jigsy.com,Female,28.159.191.107
548,Lidia,Padkin,lpadkincf@umich.edu,Female,243.149.86.117
549,Morly,Jezzard,mjezzardcg@home.pl,Agender,226.235.33.105
550,Jaime,McTiernan,jmctiernanch@mlb.com,Female,131.139.0.38
551,Shanta,Langabeer,slangabeerci@aol.com,Bigender,195.145.10.84
552,Graeme,Sharnock,gsharnockcj@blinklist.com,Male,224.136.113.119
553,Alair,Pedrol,apedrolck@phoca.cz,Male,177.196.245.95
554,Katerine,Giotto,kgiottocl@nationalgeographic.com,Female,133.191.71.36
555,Eduard,Stoggles,estogglescm@typepad.com,Male,46.239.40.218
556,Efrem,Gawthrope,egawthropecn@163.com,Male,195.173.222.95
557,Jacqui,Pill,jpillco@imageshack.us,Female,133.166.238.63
558,Skippy,Claiden,sclaidencp@adobe.com,Male,220.36.181.82
559,Cammy,Sandford,csandfordcq@wordpress.com,Female,45.88.21.119
560,Sisely,Angear,sangearcr@bloomberg.com,Female,130.195.167.4
561,Sherlocke,Sapena,ssapenacs@mozilla.org,Male,113.147.121.93
562,Bethany,Kennler,bkennlerct@flavors.me,Female,243.179.87.102
563,Malynda,Barrabeale,mbarrabealecu@nationalgeographic.com,Bigender,94.102.60.96
564,Reynard,Cliffe,rcliffecv@forbes.com,Male,221.130.252.13
565,Dallis,Gaskins,dgaskinscw@cbslocal.com,Male,132.18.103.170
566,Tobie,Sterman,tstermancx@scientificamerican.com,Male,186.11.199.227
567,Cristy,Pierpoint,cpierpointcy@xing.com,Female,85.179.89.236
568,Montague,Worham,mworhamcz@china.com.cn,Male,114.104.49.133
569,Lorrie,Wither,lwitherd0@bing.com,Female,149.31.80.138
570,Thorpe,Perchard,tperchardd1@telegraph.co.uk,Polygender,3.197.118.56
571,Aldridge,Engelbrecht,aengelbrechtd2@tripadvisor.com,Male,81.144.42.236
572,Konrad,Semeradova,ksemeradovad3@psu.edu,Polygender,114.24.44.158
573,Rollie,Krysiak,rkrysiakd4@google.co.uk,Male,223.97.181.3
574,Judy,Egdal,jegdald5@aol.com,Female,116.227.139.155
575,Adolphus,Ennor,aennord6@elegantthemes.com,Male,32.69.54.192
576,Merilee,Gilchrist,mgilchristd7@cargocollective.com,Female,179.212.136.137
577,Beverlee,Gilhooley,bgilhooleyd8@newsvine.com,Female,215.146.158.110
578,Verene,Abrahamoff,vabrahamoffd9@arizona.edu,Female,210.5.61.218
579,Valeria,Tillot,vtillotda@sciencedirect.com,Female,93.186.102.172
580,Douglas,Dillistone,ddillistonedb@intel.com,Genderqueer,70.52.111.219
581,Leodora,Summerlad,lsummerladdc@dot.gov,Female,60.7.20.46
582,Frasier,Clericoates,fclericoatesdd@digg.com,Male,64.113.171.2
583,Christian,Edmonds,cedmondsde@gmpg.org,Male,213.81.122.139
584,Itch,Fretter,ifretterdf@fastcompany.com,Male,38.112.13.222
585,Damian,Grigson,dgrigsondg@accuweather.com,Male,30.41.232.83
586,Ezekiel,Allington,eallingtondh@uol.com.br,Male,115.68.178.53
587,Lee,Nanelli,lnanellidi@jiathis.com,Male,14.222.163.187
588,Yves,Piatek,ypiatekdj@msn.com,Male,131.196.113.198
589,Lynnell,Isacsson,lisacssondk@sina.com.cn,Female,140.245.182.31
590,Latia,Chrestien,lchrestiendl@google.com.hk,Female,213.169.36.104
591,Tamas,D'Avaux,tdavauxdm@hugedomains.com,Male,119.122.69.32
592,Lorine,Northing,lnorthingdn@163.com,Female,159.41.47.247
593,Arlan,Giraldez,agiraldezdo@ustream.tv,Male,106.115.245.166
594,Timmy,Casarini,tcasarinidp@google.it,Female,157.74.184.222
595,Otto,O'Dowd,oodowddq@rakuten.co.jp,Male,87.192.8.166
596,Court,Yitzovitz,cyitzovitzdr@skype.com,Male,188.20.123.187
597,Tracy,Redolfi,tredolfids@yolasite.com,Male,158.94.196.186
598,Jodie,Hancock,jhancockdt@mapy.cz,Agender,211.133.93.101
599,Mason,Wratten,mwrattendu@hubpages.com,Male,4.221.108.107
600,Thurston,Marcussen,tmarcussendv@hc360.com,Male,208.177.163.170
601,Joyann,Magner,jmagnerdw@chicagotribune.com,Female,40.176.221.85
602,Merry,Parkhouse,mparkhousedx@dedecms.com,Male,161.183.149.219
603,Mordy,McCulley,mmcculleydy@pinterest.com,Male,83.95.205.213
604,Kaye,Johannesson,kjohannessondz@dot.gov,Female,72.115.1.213
605,Juliann,Crick,jcricke0@umn.edu,Female,190.6.196.89
606,Salem,Guiett,sguiette1@aboutads.info,Male,75.9.248.153
607,Alfi,Boyton,aboytone2@tumblr.com,Female,198.142.178.182
608,Olimpia,Scroyton,oscroytone3@narod.ru,Female,163.172.117.144
609,Cristobal,Schouthede,cschouthedee4@pen.io,Male,213.91.148.71
610,Agneta,Melmore,amelmoree5@dmoz.org,Female,136.163.124.6
611,Kata,Lenz,klenze6@google.co.uk,Female,65.93.102.250
612,Brand,Ramas,bramase7@so-net.ne.jp,Male,152.35.78.128
613,Claiborn,Bolger,cbolgere8@phpbb.com,Male,192.101.42.229
614,Michal,Hastie,mhastiee9@ask.com,Female,109.131.194.98
615,Cleon,Valintine,cvalintineea@ezinearticles.com,Male,208.248.51.217
616,Lorant,Ilyushkin,lilyushkineb@bloglines.com,Male,225.99.111.142
617,Darby,Vink,dvinkec@google.cn,Genderqueer,103.58.153.234
618,Hanson,Jennins,hjenninsed@google.ca,Male,5.38.124.107
619,Gertrud,Garter,ggarteree@ustream.tv,Female,238.251.166.197
620,Friederike,Portis,fportisef@springer.com,Female,88.131.36.44
621,Abba,Earey,aeareyeg@unblog.fr,Male,232.225.134.171
622,Becka,Bach,bbacheh@yahoo.co.jp,Female,194.20.218.101
623,Vanya,Gimbart,vgimbartei@yahoo.com,Female,103.96.164.197
624,Arne,Blowing,ablowingej@ustream.tv,Male,181.83.191.213
625,Rosie,Stoyle,rstoyleek@surveymonkey.com,Female,44.202.222.54
626,Zedekiah,Vance,zvanceel@ucoz.com,Male,252.236.96.145
627,Nanni,Gulvin,ngulvinem@comsenz.com,Female,26.254.21.136
628,Zuzana,Cowgill,zcowgillen@stumbleupon.com,Female,33.252.41.48
629,Claudio,Maulden,cmauldeneo@unicef.org,Male,154.77.165.81
630,Mariellen,Salaman,msalamanep@hostgator.com,Female,196.88.11.214
631,Davey,Sissons,dsissonseq@liveinternet.ru,Male,159.214.252.47
632,Celle,MacGibbon,cmacgibboner@sakura.ne.jp,Female,173.132.178.93
633,Genovera,Balf,gbalfes@google.es,Female,153.31.121.25
634,Lona,McGourty,lmcgourtyet@nih.gov,Genderqueer,114.134.96.61
635,Deeanne,Whiteland,dwhitelandeu@yale.edu,Female,132.249.146.211
636,Elyssa,Klimentyonok,eklimentyonokev@trellian.com,Female,177.168.100.66
637,Dianna,Scad,dscadew@craigslist.org,Female,87.71.184.119
638,Bealle,Turri,bturriex@github.io,Male,125.154.95.0
639,Karolina,Bowlands,kbowlandsey@tiny.cc,Female,6.110.178.55
640,Pattin,Letford,pletfordez@adobe.com,Male,166.141.39.231
641,Bamby,Monckton,bmoncktonf0@jigsy.com,Female,186.168.31.218
642,Elijah,Kringe,ekringef1@netscape.com,Male,249.200.0.95
643,Jania,Hodinton,jhodintonf2@elpais.com,Female,52.37.25.63
644,Amelie,Duigenan,aduigenanf3@paginegialle.it,Female,202.208.205.196
645,Marlene,Laven,mlavenf4@comsenz.com,Female,48.18.79.174
646,Ivett,Novkovic,inovkovicf5@hao123.com,Female,17.217.18.114
647,Damon,Pashba,dpashbaf6@google.co.uk,Male,71.234.236.163
648,Opal,Hamner,ohamnerf7@imgur.com,Female,236.139.82.64
649,Pieter,Rehn,prehnf8@youtube.com,Genderqueer,183.245.98.54
650,Emmalynn,Juden,ejudenf9@ucsd.edu,Female,166.209.172.90
651,Marlon,MacKenny,mmackennyfa@ask.com,Male,79.41.131.185
652,Kat,Redpath,kredpathfb@moonfruit.com,Genderqueer,205.115.137.67
653,Nestor,Elphey,nelpheyfc@rambler.ru,Bigender,102.103.29.187
654,Brocky,Pencot,bpencotfd@nih.gov,Male,237.122.214.37
655,Mack,Sange,msangefe@webs.com,Male,18.50.171.85
656,Raff,Marti,rmartiff@is.gd,Male,206.240.119.230
657,Gregorio,Tritton,gtrittonfg@clickbank.net,Non-binary,90.42.20.113
658,Adela,Muselli,amusellifh@list-manage.com,Female,237.150.174.226
659,Brooks,Mobius,bmobiusfi@nbcnews.com,Male,147.123.158.44
660,Ingram,Colloby,icollobyfj@scientificamerican.com,Male,38.160.244.226
661,Jehanna,Lebourn,jlebournfk@odnoklassniki.ru,Agender,107.5.71.19
662,Hill,Lockless,hlocklessfl@sourceforge.net,Male,212.100.32.189
663,West,Beckinsall,wbeckinsallfm@edublogs.org,Male,26.78.93.16
664,Belvia,Hendriks,bhendriksfn@goodreads.com,Female,76.119.226.8
665,Gay,Bosden,gbosdenfo@artisteer.com,Female,210.210.58.164
666,Janel,Charrington,jcharringtonfp@redcross.org,Female,12.146.66.132
667,Georg,Inkster,ginksterfq@si.edu,Bigender,88.166.61.203
668,Fey,Ralston,fralstonfr@homestead.com,Female,169.211.241.205
669,Filip,Muddiman,fmuddimanfs@businesswire.com,Male,17.37.91.225
670,Sisely,St. John,sstjohnft@typepad.com,Female,180.214.56.214
671,Benjie,Davydychev,bdavydychevfu@weebly.com,Male,226.10.222.14
672,Martino,Dudman,mdudmanfv@home.pl,Male,131.93.29.153
673,Bran,Allmann,ballmannfw@nationalgeographic.com,Genderqueer,41.180.251.174
674,Ebonee,Bollin,ebollinfx@mit.edu,Female,241.153.116.215
675,Berrie,Bolgar,bbolgarfy@dagondesign.com,Agender,161.77.126.3
676,Harrie,Ashbridge,hashbridgefz@infoseek.co.jp,Female,210.149.154.145
677,Carri,Lazenbury,clazenburyg0@whitehouse.gov,Female,178.8.153.37
678,Colin,Keedwell,ckeedwellg1@facebook.com,Male,189.1.173.190
679,Currey,Bather,cbatherg2@marketwatch.com,Male,123.162.205.51
680,Drew,Astie,dastieg3@virginia.edu,Male,123.212.115.159
681,Neile,Devanny,ndevannyg4@va.gov,Female,25.11.150.180
682,Swen,Wayne,swayneg5@shop-pro.jp,Male,35.249.178.154
683,Karia,Tribble,ktribbleg6@linkedin.com,Female,99.207.214.91
684,Shel,O'Mullaney,somullaneyg7@artisteer.com,Female,41.238.137.1
685,Fredek,Scudder,fscudderg8@yandex.ru,Male,185.246.83.132
686,Danny,Robrow,drobrowg9@people.com.cn,Female,4.89.151.11
687,Frants,Steynor,fsteynorga@stumbleupon.com,Male,45.136.208.4
688,Starlin,Brownbridge,sbrownbridgegb@flickr.com,Female,98.193.109.5
689,Sandra,Shaefer,sshaefergc@cbsnews.com,Female,210.81.188.20
690,Rolfe,Simcox,rsimcoxgd@mapquest.com,Male,91.231.117.232
691,Janean,Cotelard,jcotelardge@elpais.com,Female,59.97.228.211
692,Avrit,Bustin,abustingf@uiuc.edu,Female,15.205.155.234
693,Marietta,Probyn,mprobyngg@cdbaby.com,Female,217.244.246.252
694,Parnell,Sanzio,psanziogh@qq.com,Male,132.224.162.31
695,Harriette,Keinrat,hkeinratgi@examiner.com,Female,253.250.61.115
696,Itch,Hemphrey,ihemphreygj@twitter.com,Male,123.7.42.139
697,Farica,Eschelle,feschellegk@123-reg.co.uk,Female,247.43.90.173
698,Carlyle,McAlpine,cmcalpinegl@seesaa.net,Male,142.248.194.59
699,Raye,Hagergham,rhagerghamgm@tinypic.com,Female,154.230.164.31
700,Wally,Farmiloe,wfarmiloegn@comsenz.com,Male,239.102.213.94
701,Berkly,Kerswell,bkerswellgo@google.com.hk,Male,179.124.216.55
702,Alfredo,Gleder,agledergp@wikia.com,Male,77.188.22.165
703,Peyton,Cops,pcopsgq@1688.com,Male,227.76.199.163
704,Minette,Guntrip,mguntripgr@tinypic.com,Female,132.155.102.88
705,Town,Felce,tfelcegs@phpbb.com,Bigender,201.181.235.108
706,Aylmar,Blinkhorn,ablinkhorngt@blogs.com,Male,45.217.173.154
707,Faunie,Walwood,fwalwoodgu@sbwire.com,Female,71.119.36.62
708,Gilli,Marsay,gmarsaygv@webmd.com,Female,153.83.235.118
709,Remington,Harnetty,rharnettygw@i2i.jp,Male,11.62.109.225
710,Myriam,Possa,mpossagx@wired.com,Female,26.1.201.14
711,Raff,Beer,rbeergy@howstuffworks.com,Male,74.178.47.240
712,Hastings,Ambrois,hambroisgz@dot.gov,Male,70.114.112.94
713,Tandi,Kobelt,tkobelth0@walmart.com,Female,89.89.192.134
714,Fee,Instrell,finstrellh1@cnn.com,Male,233.185.212.166
715,Easter,Rimington,erimingtonh2@themeforest.net,Female,137.220.198.207
716,Timmie,Garthshore,tgarthshoreh3@buzzfeed.com,Male,12.210.144.186
717,Noreen,Brend,nbrendh4@home.pl,Female,165.218.123.100
718,Ambrosi,Gier,agierh5@webmd.com,Male,226.77.139.97
719,Daniel,Fallowfield,dfallowfieldh6@bravesites.com,Male,226.45.209.138
720,Pooh,Dering,pderingh7@livejournal.com,Female,49.252.162.216
721,Arman,Faulks,afaulksh8@blogs.com,Male,246.193.22.87
722,Kassey,Wontner,kwontnerh9@imdb.com,Female,184.150.29.67
723,Clari,Janney,cjanneyha@arizona.edu,Female,140.226.22.159
724,Vasily,Eastabrook,veastabrookhb@hhs.gov,Male,243.140.155.107
725,Raffaello,Rosenthaler,rrosenthalerhc@imageshack.us,Male,184.177.88.42
726,Barnie,Nobes,bnobeshd@ft.com,Male,66.11.182.239
727,Corbet,Records,crecordshe@google.fr,Male,43.175.50.223
728,Karim,Klaggeman,kklaggemanhf@opera.com,Polygender,186.43.63.152
729,Marilyn,Mirfin,mmirfinhg@xing.com,Female,245.145.100.208
730,Jerad,Hanford,jhanfordhh@reverbnation.com,Male,99.14.209.52
731,Ammamaria,Dumbrall,adumbrallhi@slideshare.net,Bigender,182.187.137.70
732,Dusty,Stivers,dstivershj@nsw.gov.au,Female,185.207.243.30
733,Lorrayne,Arlidge,larlidgehk@omniture.com,Female,41.82.229.231
734,Alejandra,Unthank,aunthankhl@nationalgeographic.com,Female,2.246.196.86
735,Ase,Hefferan,ahefferanhm@nytimes.com,Male,226.70.135.67
736,Dillon,Dimitrescu,ddimitrescuhn@mtv.com,Bigender,140.219.137.72
737,Obidiah,Richens,orichensho@moonfruit.com,Male,174.117.8.117
738,Wang,Wickendon,wwickendonhp@i2i.jp,Male,23.100.42.43
739,Salim,Edrich,sedrichhq@census.gov,Male,73.234.33.26
740,Theobald,Gristock,tgristockhr@prnewswire.com,Male,57.153.212.208
741,Rodger,Reyne,rreynehs@usnews.com,Male,11.142.65.69
742,Ivor,Prydie,iprydieht@paginegialle.it,Male,13.120.240.145
743,Seymour,Andrivel,sandrivelhu@photobucket.com,Male,75.19.227.74
744,Harald,Bunton,hbuntonhv@biblegateway.com,Male,155.124.7.152
745,Welby,Yeo,wyeohw@noaa.gov,Male,0.235.54.46
746,Rianon,Spykins,rspykinshx@techcrunch.com,Female,180.130.247.120
747,Edyth,Pine,epinehy@narod.ru,Agender,76.217.73.243
748,Kareem,Lochead,klocheadhz@bluehost.com,Male,91.12.185.211
749,Perry,Huyghe,phuyghei0@gravatar.com,Female,225.204.116.57
750,Terencio,Raddish,traddishi1@photobucket.com,Male,106.13.14.164
751,Eldridge,Thouless,ethoulessi2@flavors.me,Male,155.167.222.102
752,Nerissa,Backsal,nbacksali3@wordpress.org,Female,188.193.82.54
753,Elwood,Dyneley,edyneleyi4@ftc.gov,Male,222.170.233.118
754,Danika,Awdry,dawdryi5@fda.gov,Female,66.207.179.216
755,Row,Ben,rbeni6@usgs.gov,Female,76.198.235.62
756,Mohandas,Digg,mdiggi7@alexa.com,Male,106.8.143.201
757,Samara,Swaile,sswailei8@vkontakte.ru,Female,219.158.84.193
758,Natalee,Grzelak,ngrzelaki9@weebly.com,Female,174.149.165.241
759,Bree,Paliser,bpaliseria@hibu.com,Non-binary,53.127.254.235
760,Jacquelynn,Machen,jmachenib@shinystat.com,Female,15.86.145.104
761,Adda,Addison,aaddisonic@theglobeandmail.com,Female,166.90.91.115
762,Cassondra,Peggrem,cpeggremid@fema.gov,Female,230.82.72.126
763,Moises,Marlowe,mmarloweie@phoca.cz,Male,165.49.193.226
764,Corbett,Pettyfer,cpettyferif@unesco.org,Genderqueer,108.84.76.119
765,Cullin,Djurdjevic,cdjurdjevicig@ycombinator.com,Male,253.50.77.189
766,Renie,Benstead,rbensteadih@sciencedirect.com,Female,202.147.42.107
767,Reinhold,Gleed,rgleedii@sogou.com,Male,133.80.160.122
768,Lexi,Yegorkin,lyegorkinij@wikispaces.com,Female,142.4.77.205
769,Windy,Croizier,wcroizierik@unblog.fr,Female,112.199.192.179
770,Murial,Dudderidge,mdudderidgeil@ehow.com,Female,222.103.126.237
771,Annamaria,Cordero,acorderoim@last.fm,Female,44.30.224.30
772,Yancey,MacCaughey,ymaccaugheyin@globo.com,Male,50.236.135.87
773,Nolie,Dean,ndeanio@bloglovin.com,Female,68.97.138.84
774,Sayer,Dobrowolski,sdobrowolskiip@ucoz.com,Male,94.207.128.79
775,Clare,Scorah,cscorahiq@slideshare.net,Male,243.188.96.152
776,Elisabet,Nowakowska,enowakowskair@biblegateway.com,Female,98.186.58.34
777,Calley,Spondley,cspondleyis@fastcompany.com,Female,162.34.138.203
778,Aurelia,Lyver,alyverit@hp.com,Female,68.171.211.32
779,Trueman,Ondracek,tondracekiu@hhs.gov,Male,71.8.192.251
780,Nefen,Saul,nsauliv@narod.ru,Male,179.39.210.15
781,Trescha,Blakden,tblakdeniw@indiegogo.com,Female,150.8.182.167
782,Giffer,Rollin,grollinix@usgs.gov,Male,34.194.132.111
783,Aguie,Barbisch,abarbischiy@toplist.cz,Male,68.16.213.46
784,Lindy,Whittuck,lwhittuckiz@live.com,Male,62.185.56.231
785,Devlin,Farrah,dfarrahj0@patch.com,Male,22.14.156.31
786,Myrtie,Ruslinge,mruslingej1@yahoo.co.jp,Female,187.126.164.0
787,Raymond,Mapston,rmapstonj2@creativecommons.org,Male,220.92.193.72
788,Brose,Masarrat,bmasarratj3@google.com.au,Male,126.202.150.207
789,Dianne,Sharma,dsharmaj4@fotki.com,Female,168.253.159.85
790,Francene,Northley,fnorthleyj5@irs.gov,Female,78.92.9.236
791,Andie,Hartness,ahartnessj6@mlb.com,Male,239.56.204.2
792,Lucinda,Duckering,lduckeringj7@examiner.com,Female,191.201.166.163
793,Inna,Billborough,ibillboroughj8@accuweather.com,Female,92.66.161.161
794,Tripp,Goodreid,tgoodreidj9@github.io,Male,8.255.175.29
795,Joell,Ghidoli,jghidolija@com.com,Female,3.71.105.111
796,Clint,Puddephatt,cpuddephattjb@microsoft.com,Male,109.87.96.89
797,Ceil,Enga,cengajc@wikipedia.org,Female,112.33.227.16
798,Fran,Bartoli,fbartolijd@t.co,Male,49.87.8.207
799,Ernie,Raddon,eraddonje@google.es,Male,79.21.27.72
800,Yolanthe,Doble,ydoblejf@vinaora.com,Female,232.102.245.222
801,Mord,Lunam,mlunamjg@illinois.edu,Non-binary,105.234.44.96
802,Annice,Baldam,abaldamjh@ebay.com,Female,85.33.101.5
803,Liza,Rounsefull,lrounsefullji@samsung.com,Female,155.244.26.171
804,Derwin,Heggs,dheggsjj@si.edu,Male,35.118.42.163
805,Selene,Worland,sworlandjk@fema.gov,Female,82.255.85.54
806,Rivi,Germann,rgermannjl@google.nl,Female,140.84.37.230
807,Stafford,Rattry,srattryjm@lulu.com,Male,179.15.29.109
808,Carey,Dickerson,cdickersonjn@noaa.gov,Female,93.103.103.162
809,Lian,Jeyes,ljeyesjo@joomla.org,Female,111.32.201.219
810,Nikola,Scotney,nscotneyjp@time.com,Male,143.133.19.83
811,Igor,Stanlock,istanlockjq@hostgator.com,Male,58.198.85.149
812,Redd,Penniell,rpennielljr@blogtalkradio.com,Male,64.47.19.64
813,Yasmin,Gerhartz,ygerhartzjs@cisco.com,Female,109.81.64.118
814,Valentine,Goncaves,vgoncavesjt@goo.ne.jp,Female,221.27.53.24
815,Venus,Caunt,vcauntju@github.io,Female,10.16.38.169
816,Towney,Dawidman,tdawidmanjv@google.com.br,Male,99.180.43.34
817,Randy,Forrestall,rforrestalljw@cpanel.net,Female,83.174.25.129
818,Egbert,Haslewood,ehaslewoodjx@example.com,Male,216.113.79.84
819,Celle,Bea,cbeajy@scientificamerican.com,Bigender,84.104.250.216
820,Homer,Childrens,hchildrensjz@home.pl,Male,167.167.217.187
821,Chaim,Hankey,chankeyk0@google.nl,Male,64.60.89.170
822,Tallie,Edsall,tedsallk1@jalbum.net,Female,101.52.139.97
823,Murdoch,Cashley,mcashleyk2@google.cn,Male,181.73.73.114
824,Odey,Speak,ospeakk3@yelp.com,Male,227.185.165.72
825,Ingeberg,Andersen,iandersenk4@shinystat.com,Female,89.28.189.136
826,Fania,Braysher,fbraysherk5@exblog.jp,Female,200.224.159.247
827,Demetri,Christopher,dchristopherk6@g.co,Male,85.213.149.156
828,Olivero,Guy,oguyk7@yale.edu,Male,205.114.193.180
829,Isak,Pyecroft,ipyecroftk8@artisteer.com,Male,202.221.24.16
830,Rene,Snap,rsnapk9@latimes.com,Female,41.131.188.253
831,Georgianne,Redgate,gredgateka@utexas.edu,Female,127.48.51.249
832,Clive,McIllrick,cmcillrickkb@utexas.edu,Male,66.251.220.229
833,Emmalynne,Lockner,elocknerkc@51.la,Female,43.186.218.221
834,Sydelle,Huey,shueykd@nytimes.com,Female,75.4.111.185
835,Charline,Marlin,cmarlinke@senate.gov,Female,153.184.164.220
836,Terri-jo,Philps,tphilpskf@cmu.edu,Female,2.142.193.193
837,Bernetta,Drewry,bdrewrykg@4shared.com,Female,155.202.105.18
838,Malanie,Tohill,mtohillkh@psu.edu,Female,222.16.52.206
839,Shanon,Geindre,sgeindreki@booking.com,Female,201.203.15.77
840,Barry,Vernon,bvernonkj@columbia.edu,Male,192.155.179.192
841,Margarethe,Kegg,mkeggkk@walmart.com,Female,210.244.213.42
842,Cullen,Kaiser,ckaiserkl@unesco.org,Male,16.174.39.227
843,Van,Pettifor,vpettiforkm@illinois.edu,Female,164.189.172.118
844,Nicolina,De Clairmont,ndeclairmontkn@printfriendly.com,Female,84.94.22.193
845,Aretha,Blasetti,ablasettiko@bloomberg.com,Female,154.36.225.106
846,Merralee,Derby,mderbykp@naver.com,Female,18.33.16.139
847,Kirstin,Goodfellow,kgoodfellowkq@163.com,Female,46.51.117.13
848,Jojo,Hedylstone,jhedylstonekr@uol.com.br,Female,148.83.191.246
849,Isaac,Satchel,isatchelks@examiner.com,Male,242.171.5.75
850,Tanya,Redsull,tredsullkt@foxnews.com,Female,88.121.255.202
851,Rhodia,Kinane,rkinaneku@ibm.com,Female,254.11.63.163
852,Inglebert,Sleeford,isleefordkv@blog.com,Male,3.145.236.195
853,Clementine,Escale,cescalekw@webnode.com,Female,183.58.4.22
854,Vivian,Culham,vculhamkx@chicagotribune.com,Female,139.221.98.255
855,Lena,Mordaunt,lmordauntky@ft.com,Female,124.50.254.140
856,Deedee,Finlry,dfinlrykz@unblog.fr,Agender,157.60.169.205
857,Gabe,Sweetenham,gsweetenhaml0@admin.ch,Male,228.216.1.111
858,Roger,Faers,rfaersl1@google.it,Male,154.179.169.11
859,Trip,Challens,tchallensl2@posterous.com,Male,115.184.14.250
860,Thorstein,Petofi,tpetofil3@hubpages.com,Male,193.16.51.94
861,Cynthy,Attrill,cattrilll4@symantec.com,Female,105.216.2.152
862,Salomone,Clem,scleml5@reuters.com,Male,65.188.149.51
863,Frank,Kobes,fkobesl6@dot.gov,Male,220.98.68.9
864,Elita,Brigshaw,ebrigshawl7@craigslist.org,Female,165.167.58.201
865,Deloria,Retter,dretterl8@youku.com,Female,245.210.225.167
866,Jorgan,Rickaert,jrickaertl9@goo.ne.jp,Male,99.60.201.248
867,Simone,Coope,scoopela@surveymonkey.com,Female,183.215.172.149
868,Hestia,Cattow,hcattowlb@newsvine.com,Agender,177.74.79.176
869,Birgitta,Hayler,bhaylerlc@topsy.com,Female,22.84.54.0
870,Jessica,Oades,joadesld@jigsy.com,Female,17.144.98.12
871,Erma,Philipsen,ephilipsenle@behance.net,Female,90.166.7.205
872,Davis,Beeson,dbeesonlf@1und1.de,Male,195.253.29.252
873,Florina,Haller,fhallerlg@samsung.com,Female,159.152.109.124
874,Linnell,Benko,lbenkolh@nsw.gov.au,Female,156.127.151.80
875,Greggory,Skin,gskinli@scribd.com,Male,16.117.126.26
876,Frannie,Lantoph,flantophlj@pcworld.com,Female,235.163.217.48
877,Gerri,Phelps,gphelpslk@t-online.de,Male,197.207.201.37
878,Hollyanne,O'Kinneally,hokinneallyll@chronoengine.com,Female,128.33.107.137
879,Westbrooke,Frankum,wfrankumlm@sun.com,Male,203.40.213.218
880,Issy,Whayman,iwhaymanln@ezinearticles.com,Female,142.155.213.122
881,Marlow,Panons,mpanonslo@amazon.de,Male,226.22.182.204
882,Sal,Gosswell,sgosswelllp@oaic.gov.au,Male,61.219.142.153
883,Cloris,Murrow,cmurrowlq@mashable.com,Female,30.231.104.201
884,Renault,Trumper,rtrumperlr@homestead.com,Polygender,226.125.250.159
885,Pauly,Wretham,pwrethamls@chicagotribune.com,Male,71.80.95.115
886,Shaylah,Walkey,swalkeylt@nydailynews.com,Female,158.164.193.219
887,Putnam,Blackburne,pblackburnelu@diigo.com,Male,141.7.195.225
888,Fabian,Taphouse,ftaphouselv@timesonline.co.uk,Male,9.182.231.91
889,Row,Siviter,rsiviterlw@smh.com.au,Female,219.49.215.99
890,Paten,Odom,podomlx@pagesperso-orange.fr,Non-binary,47.119.207.117
891,Yul,Greeve,ygreevely@weebly.com,Male,54.219.51.60
892,Danni,Rivelin,drivelinlz@cbc.ca,Bigender,37.17.97.182
893,Henrietta,Resun,hresunm0@jigsy.com,Female,37.88.115.181
894,Zelda,Errington,zerringtonm1@cyberchimps.com,Female,213.141.145.245
895,Rebeka,Klimpt,rklimptm2@hhs.gov,Female,40.161.129.192
896,Anthea,McCarroll,amccarrollm3@g.co,Female,13.99.219.163
897,Chlo,Tilzey,ctilzeym4@cyberchimps.com,Genderqueer,14.103.226.254
898,Kale,Colbeck,kcolbeckm5@umich.edu,Male,58.105.126.232
899,Bettye,Pickwell,bpickwellm6@vinaora.com,Female,66.148.14.171
900,Anjanette,Honniebal,ahonniebalm7@theatlantic.com,Non-binary,220.231.33.186
901,Jenine,Johannes,jjohannesm8@dmoz.org,Female,174.1.194.115
902,Sherilyn,Frodsam,sfrodsamm9@smugmug.com,Female,149.230.191.209
903,Jorry,Spawforth,jspawforthma@bizjournals.com,Female,105.28.224.119
904,Adara,Jordon,ajordonmb@angelfire.com,Female,110.143.193.140
905,Moses,Sharple,msharplemc@va.gov,Male,107.235.83.130
906,Lonnie,MacLardie,lmaclardiemd@vkontakte.ru,Bigender,106.128.28.19
907,Marisa,Enderle,menderleme@ucla.edu,Female,124.10.198.161
908,Solomon,Vautrey,svautreymf@creativecommons.org,Male,170.104.217.147
909,Wilfrid,Loghan,wloghanmg@flickr.com,Bigender,60.164.8.112
910,Jessey,Head,jheadmh@w3.org,Male,191.125.222.42
911,Nico,Wedmore.,nwedmoremi@instagram.com,Male,204.66.90.159
912,Ennis,Klugman,eklugmanmj@springer.com,Male,165.223.248.72
913,Aindrea,Dallemore,adallemoremk@elegantthemes.com,Female,254.48.39.149
914,Everett,Whapples,ewhapplesml@umn.edu,Male,250.246.34.210
915,Gennifer,Morteo,gmorteomm@topsy.com,Non-binary,82.249.79.98
916,Antoine,Sheringham,asheringhammn@furl.net,Male,139.53.6.102
917,Vassili,Gosneye,vgosneyemo@g.co,Male,142.13.95.241
918,Dolli,Lawerence,dlawerencemp@wordpress.org,Bigender,187.150.249.47
919,Lynde,Quarles,lquarlesmq@linkedin.com,Female,198.204.164.218
920,Moll,Baldacchi,mbaldacchimr@auda.org.au,Female,77.149.100.142
921,Shellysheldon,Coping,scopingms@shop-pro.jp,Male,242.113.16.187
922,Zorine,Lowdes,zlowdesmt@privacy.gov.au,Female,215.134.95.13
923,Yul,Aubrun,yaubrunmu@rakuten.co.jp,Male,201.83.110.198
924,Ysabel,Tupp,ytuppmv@posterous.com,Female,49.114.185.81
925,Ambrosius,Petherick,apetherickmw@wiley.com,Male,147.133.78.220
926,Christal,Moreno,cmorenomx@dailymail.co.uk,Female,132.88.249.23
927,Elmer,Eberdt,eeberdtmy@cmu.edu,Male,43.129.126.168
928,Madge,Adamo,madamomz@bbb.org,Female,146.168.242.6
929,Annabel,Marginson,amarginsonn0@fastcompany.com,Female,117.209.227.7
930,Raimundo,Oughtright,roughtrightn1@about.me,Male,229.158.245.83
931,Reuben,Peppett,rpeppettn2@nationalgeographic.com,Polygender,98.155.156.229
932,Aurilia,Hellwig,ahellwign3@desdev.cn,Agender,16.47.107.112
933,Alvin,Rumsby,arumsbyn4@bbc.co.uk,Male,170.208.53.65
934,Mame,Bazek,mbazekn5@soundcloud.com,Female,249.109.24.218
935,Giustina,Fried,gfriedn6@buzzfeed.com,Female,131.55.24.86
936,Emylee,Kinnard,ekinnardn7@telegraph.co.uk,Female,195.203.59.36
937,Maurine,Maggiori,mmaggiorin8@blinklist.com,Female,144.189.18.153
938,Ashil,Kosiada,akosiadan9@cnet.com,Female,172.206.243.134
939,Kala,Bellinger,kbellingerna@bloomberg.com,Female,140.210.51.243
940,Zulema,Hutcheons,zhutcheonsnb@amazon.co.uk,Female,16.128.89.24
941,Raddy,Creeboe,rcreeboenc@google.it,Male,173.37.86.91
942,Borden,Marzelle,bmarzellend@howstuffworks.com,Male,85.100.110.163
943,Austin,Saiz,asaizne@businessinsider.com,Male,192.177.86.51
944,Gill,Goodfellow,ggoodfellownf@cbslocal.com,Female,85.193.239.26
945,Veronike,Ferroni,vferroning@histats.com,Female,100.196.211.237
946,Mabelle,Halcro,mhalcronh@ehow.com,Bigender,84.119.164.229
947,Vic,Smithend,vsmithendni@wunderground.com,Male,252.97.43.5
948,Freeman,Cake,fcakenj@fema.gov,Male,72.7.63.212
949,Nola,Dracey,ndraceynk@bandcamp.com,Female,40.20.5.133
950,Mame,Farnham,mfarnhamnl@t-online.de,Female,25.230.73.216
951,Nappy,Kelloway,nkellowaynm@mac.com,Male,127.52.192.111
952,Morie,Eayres,meayresnn@mediafire.com,Genderfluid,135.220.252.44
953,Afton,Gadsden,agadsdenno@bbc.co.uk,Female,66.155.156.74
954,Cassie,Geldart,cgeldartnp@seesaa.net,Female,13.94.51.4
955,Cathlene,Chorlton,cchorltonnq@dedecms.com,Female,166.111.224.24
956,Rayshell,Cristofori,rcristoforinr@google.com,Female,202.29.164.124
957,Cullie,Seth,csethns@mail.ru,Agender,235.227.230.49
958,Derby,Ferrers,dferrersnt@nhs.uk,Male,248.2.152.220
959,Sancho,Lebell,slebellnu@ucoz.ru,Male,109.4.140.206
960,Dael,Sollom,dsollomnv@ow.ly,Male,154.144.192.161
961,Bobbee,Pargetter,bpargetternw@yandex.ru,Bigender,87.84.27.132
962,Harriette,Demoge,hdemogenx@zimbio.com,Female,183.138.116.124
963,Devland,Dewick,ddewickny@furl.net,Male,186.160.142.213
964,Cori,Sturzaker,csturzakernz@123-reg.co.uk,Female,63.154.35.20
965,Jolynn,Petigrew,jpetigrewo0@bbc.co.uk,Female,184.84.191.35
966,Radcliffe,Rappaport,rrappaporto1@taobao.com,Male,185.122.196.19
967,Jeanelle,MacComiskey,jmaccomiskeyo2@hao123.com,Female,0.109.126.249
968,Frederigo,Meriott,fmeriotto3@chron.com,Male,171.212.19.248
969,Rosalinda,Tallyn,rtallyno4@wordpress.com,Female,194.95.155.248
970,Grannie,Lesor,glesoro5@dell.com,Male,157.175.171.115
971,Keelby,Bearns,kbearnso6@wufoo.com,Male,162.129.94.166
972,Andros,Hatherill,ahatherillo7@un.org,Male,152.241.173.93
973,Amabel,Lippitt,alippitto8@google.ca,Genderfluid,46.43.210.234
974,Sylvester,Bucklee,sbuckleeo9@a8.net,Male,24.209.53.112
975,Bambi,Laughren,blaughrenoa@ucla.edu,Female,64.196.79.135
976,Duncan,Brambley,dbrambleyob@who.int,Male,3.126.118.242
977,Amerigo,Stooke,astookeoc@infoseek.co.jp,Male,0.122.28.186
978,Rosamund,Hulle,rhulleod@usgs.gov,Female,223.185.114.149
979,Daryn,Baudin,dbaudinoe@surveymonkey.com,Female,145.41.119.102
980,Cirstoforo,Blackaby,cblackabyof@yale.edu,Male,129.89.147.57
981,Henry,Jesson,hjessonog@utexas.edu,Genderfluid,155.243.155.251
982,Augustine,Lowe,aloweoh@nydailynews.com,Female,130.9.54.158
983,Irving,Rozalski,irozalskioi@telegraph.co.uk,Male,158.255.239.240
984,Flem,Bullcock,fbullcockoj@ocn.ne.jp,Male,52.16.232.212
985,Gaspard,Riddich,griddichok@networkadvertising.org,Male,206.23.28.32
986,Benedict,Gerant,bgerantol@seesaa.net,Male,216.33.197.186
987,Morey,Labb,mlabbom@imageshack.us,Genderqueer,17.38.37.44
988,Wakefield,Gagie,wgagieon@theglobeandmail.com,Male,46.122.15.176
989,Fanya,Vaz,fvazoo@ebay.co.uk,Bigender,113.103.81.189
990,Ario,Santhouse,asanthouseop@pinterest.com,Male,164.68.119.98
991,Wolfy,Faulkes,wfaulkesoq@bluehost.com,Male,155.244.162.188
992,Lavena,Emanuele,lemanueleor@imdb.com,Genderqueer,9.93.12.187
993,Helli,Ondracek,hondracekos@elpais.com,Female,95.126.98.176
994,Danyette,Stansall,dstansallot@google.ca,Female,209.153.247.11
995,Mortimer,Bedborough,mbedboroughou@nbcnews.com,Male,231.91.58.108
996,Conrade,Krink,ckrinkov@addthis.com,Male,233.114.181.170
997,Christina,Harpham,charphamow@behance.net,Female,74.183.126.51
998,Rafaelita,Sotheron,rsotheronox@tamu.edu,Female,126.1.229.248
999,Alano,Duly,adulyoy@weibo.com,Male,149.254.46.217
1000,Sutherlan,Andrzejak,sandrzejakoz@nationalgeographic.com,Male,162.187.57.218
1001,Augustine,Helder,ahelderp0@youtu.be,Male,108.148.238.36
1002,Erny,Book,ebookp1@privacy.gov.au,Male,226.141.0.226
1003,Ara,Hissett,ahissettp2@census.gov,Male,228.44.93.39
1004,Micheal,Sertin,msertinp3@freewebs.com,Male,65.124.172.139
1005,Harlen,Nazer,hnazerp4@ted.com,Male,172.197.202.208
1006,Ronnica,Van der Kruys,rvanderkruysp5@bigcartel.com,Female,120.220.124.215
1007,Kristina,Sleigh,ksleighp6@uiuc.edu,Female,51.136.172.43
1008,Marcelia,Keary,mkearyp7@illinois.edu,Bigender,23.13.211.70
1009,Ingram,Stollsteiner,istollsteinerp8@youku.com,Male,118.40.233.104
1010,Murdock,Lodford,mlodfordp9@tinyurl.com,Male,8.110.72.78
1011,Nerissa,McMurrugh,nmcmurrughpa@quantcast.com,Female,129.235.75.123
1012,Guthrie,Chatenet,gchatenetpb@hhs.gov,Male,95.88.25.68
1013,Agna,McKinnon,amckinnonpc@spiegel.de,Female,220.74.181.148
1014,Leslie,Rissen,lrissenpd@umich.edu,Male,56.115.192.29
1015,Allin,Vuitte,avuittepe@oracle.com,Male,108.107.80.218
1016,Silvio,Sargison,ssargisonpf@intel.com,Male,87.137.66.137
1017,Kippar,Dartan,kdartanpg@scientificamerican.com,Male,104.129.251.182
1018,Tobit,Chesterman,tchestermanph@miitbeian.gov.cn,Male,31.69.226.33
1019,Elva,Lorant,elorantpi@home.pl,Female,136.152.107.204
1020,Ange,Killick,akillickpj@forbes.com,Male,187.165.150.229
1021,Cookie,Sloegrave,csloegravepk@ameblo.jp,Female,108.236.200.128
1022,Caressa,Coppock.,ccoppockpl@microsoft.com,Female,41.29.223.18
1023,Fred,Fasset,ffassetpm@bloglines.com,Male,214.245.63.213
1024,Josias,Stuchbury,jstuchburypn@yandex.ru,Male,225.233.138.6
1025,Casey,Figin,cfiginpo@nymag.com,Female,158.109.186.61
1026,Maynord,Ferrant,mferrantpp@hostgator.com,Male,251.52.155.110
1027,Ajay,Kinglake,akinglakepq@spiegel.de,Female,107.80.5.58
1028,Wheeler,Misken,wmiskenpr@cpanel.net,Male,193.14.61.52
1029,Keefer,Heinert,kheinertps@woothemes.com,Male,122.78.163.101
1030,Elias,Tavner,etavnerpt@economist.com,Male,181.28.82.85
1031,Shelli,Lemmen,slemmenpu@ibm.com,Genderfluid,26.55.22.164
1032,Carr,Parkyns,cparkynspv@home.pl,Male,164.156.217.135
1033,Hart,Yeliashev,hyeliashevpw@europa.eu,Bigender,96.133.195.7
1034,Sidoney,Gledstane,sgledstanepx@usnews.com,Female,165.224.136.244
1035,Floria,Effaunt,feffauntpy@epa.gov,Female,46.162.176.188
1036,Floyd,Foy,ffoypz@wix.com,Male,40.188.88.220
1037,Nils,Winslade,nwinsladeq0@imageshack.us,Male,180.79.84.45
1038,Shelby,Cruxton,scruxtonq1@yahoo.co.jp,Female,189.105.158.87
1039,Dasya,Yitzovitz,dyitzovitzq2@sourceforge.net,Female,112.64.26.247
1040,Torie,McCorkell,tmccorkellq3@comcast.net,Female,87.230.246.71
1041,Maribel,Buxam,mbuxamq4@usa.gov,Female,140.128.207.143
1042,Mallory,Hill,mhillq5@netlog.com,Male,218.33.246.80
1043,Kimmie,Searchfield,ksearchfieldq6@google.cn,Female,147.26.106.137
1044,Nikoletta,Bazell,nbazellq7@uol.com.br,Female,179.5.191.189
1045,Trixie,Langridge,tlangridgeq8@xinhuanet.com,Female,179.180.41.96
1046,Baily,Marjot,bmarjotq9@mapquest.com,Male,43.138.186.20
1047,Mellisa,Scrowton,mscrowtonqa@reference.com,Non-binary,33.21.65.187
1048,Florinda,Swendell,fswendellqb@salon.com,Female,7.151.60.202
1049,Nichols,Laite,nlaiteqc@cdbaby.com,Male,215.86.75.66
1050,Cristiano,Kezar,ckezarqd@cdc.gov,Male,14.104.205.187
1051,Cristionna,Phebey,cphebeyqe@nps.gov,Female,179.75.23.11
1052,Fonzie,Hassen,fhassenqf@hugedomains.com,Male,2.157.138.14
1053,Flore,Village,fvillageqg@nsw.gov.au,Female,199.109.213.109
1054,Paulie,Peracco,pperaccoqh@phoca.cz,Female,146.127.5.171
1055,Burnard,Durnan,bdurnanqi@nasa.gov,Male,87.92.253.190
1056,Winny,Ephgrave,wephgraveqj@bing.com,Male,59.114.97.245
1057,Harlan,Capenor,hcapenorqk@symantec.com,Male,191.229.199.65
1058,Udale,Adnams,uadnamsql@ed.gov,Male,137.91.57.88
1059,Cesar,Hennington,chenningtonqm@deliciousdays.com,Polygender,254.75.85.9
1060,Thurstan,Benditt,tbendittqn@ustream.tv,Male,19.155.162.28
1061,Cass,Dytham,cdythamqo@netscape.com,Male,41.119.147.40
1062,Justis,Harlin,jharlinqp@arstechnica.com,Male,70.255.160.234
1063,Ced,Fuxman,cfuxmanqq@ft.com,Male,58.195.251.197
1064,Stephine,Piscopello,spiscopelloqr@webeden.co.uk,Female,122.245.50.183
1065,Rriocard,Suche,rsucheqs@yahoo.com,Male,172.37.151.230
1066,Mimi,Gotobed,mgotobedqt@cocolog-nifty.com,Female,137.52.145.105
1067,Dudley,Jeynes,djeynesqu@pbs.org,Male,164.22.44.143
1068,Bree,Pagnin,bpagninqv@narod.ru,Female,7.138.125.252
1069,Robin,Miko,rmikoqw@newsvine.com,Male,86.183.75.93
1070,Mort,Hart,mhartqx@goo.ne.jp,Male,110.149.238.223
1071,Danica,Glewe,dgleweqy@mapy.cz,Female,236.21.251.238
1072,Evan,Bridgwater,ebridgwaterqz@wsj.com,Bigender,218.54.161.175
1073,Henryetta,Gun,hgunr0@phoca.cz,Female,114.204.145.193
1074,Cody,Marini,cmarinir1@furl.net,Male,135.177.25.47
1075,Tatiania,Lunck,tlunckr2@kickstarter.com,Polygender,11.86.125.29
1076,Elisha,Chedgey,echedgeyr3@unicef.org,Female,117.154.83.58
1077,Shani,Fredson,sfredsonr4@cocolog-nifty.com,Female,232.10.150.127
1078,Monica,Rosenstein,mrosensteinr5@stanford.edu,Female,135.163.125.166
1079,Gertrud,Brien,gbrienr6@altervista.org,Female,117.232.204.49
1080,Leelah,Biermatowicz,lbiermatowiczr7@ezinearticles.com,Female,219.176.234.215
1081,Maryann,Roebottom,mroebottomr8@squarespace.com,Female,176.86.50.41
1082,Julietta,Clyne,jclyner9@ovh.net,Female,240.3.114.195
1083,Orrin,Zorzenoni,ozorzenonira@purevolume.com,Male,125.58.233.164
1084,Morry,Loisi,mloisirb@comcast.net,Male,247.52.69.65
1085,Alverta,Goldthorp,agoldthorprc@ucoz.ru,Female,139.78.136.151
1086,Averil,Wanek,awanekrd@epa.gov,Female,53.152.20.246
1087,Emlyn,Lewty,elewtyre@gov.uk,Genderqueer,253.68.223.117
1088,Josefa,Rambadt,jrambadtrf@sbwire.com,Female,112.174.243.126
1089,Vallie,Bolletti,vbollettirg@phpbb.com,Agender,249.162.73.84
1090,Stewart,Brumble,sbrumblerh@java.com,Male,214.136.57.43
1091,Pegeen,Laval,plavalri@bloglines.com,Female,63.244.113.178
1092,Odey,Haselhurst,ohaselhurstrj@cnet.com,Male,34.67.200.185
1093,Johnath,Ireson,jiresonrk@un.org,Female,182.250.38.138
1094,Grove,Eisikowitz,geisikowitzrl@marketwatch.com,Male,215.223.58.131
1095,Clerc,Bramall,cbramallrm@amazon.com,Male,61.180.63.87
1096,Gunilla,Dorken,gdorkenrn@nba.com,Female,23.172.88.87
1097,Babbette,Ogden,bogdenro@vimeo.com,Genderfluid,231.224.112.247
1098,Nikola,Izzatt,nizzattrp@t-online.de,Male,167.62.144.64
1099,Denny,Toll,dtollrq@census.gov,Male,214.19.63.83
1100,Arie,Needs,aneedsrr@google.com.hk,Male,235.231.16.58
