id,first_name,last_name,email,gender,ip_address
1,Rice,Banbridge,rbanbridge0@zimbio.com,Male,186.122.213.231
2,Quent,Wernham,qwernham1@istockphoto.com,Male,228.117.90.134
3,Gilbertine,Callery,gcallery2@geocities.jp,Female,234.233.225.252
4,Linus,Diggle,ldiggle3@networkadvertising.org,Male,59.31.19.182
5,Barnett,Stook,bstook4@cpanel.net,Male,3.192.32.98
6,Blisse,Gothup,bgothup5@tripod.com,Female,89.68.117.207
7,Tarra,Segge,tsegge6@hubpages.com,Female,198.14.220.54
8,Billi,Berzins,bberzins7@mozilla.org,Female,184.225.41.171
9,Kasper,Rudiger,krudiger8@state.gov,Male,159.132.36.33
10,Gretal,Vivyan,gvivyan9@constantcontact.com,Female,179.200.171.12
11,Simonette,Fruish,sfruisha@usatoday.com,Female,162.60.69.210
12,Bent,Hindrich,bhindrichb@networksolutions.com,Male,209.88.49.234
13,Kathi,Milham,kmilhamc@blogs.com,Female,120.222.72.3
14,Sandye,McChesney,smcchesneyd@livejournal.com,Female,52.52.73.175
15,Halsey,Wardell,hwardelle@eepurl.com,Male,86.238.30.99
16,Aubrey,Dolley,adolleyf@purevolume.com,Male,250.63.131.123
17,Bent,Mazillius,bmazilliusg@seesaa.net,Male,249.78.244.207
18,Josy,Albon,jalbonh@alibaba.com,Female,204.120.129.117
19,Timoteo,Reskelly,treskellyi@goodreads.com,Agender,33.154.155.19
20,Cathie,Macoun,cmacounj@dropbox.com,Female,66.121.0.63
21,Corrianne,Stuttman,cstuttmank@cisco.com,Genderqueer,180.45.90.177
22,Ozzie,Jaquet,ojaquetl@typepad.com,Male,159.204.253.222
23,Rowland,Simnell,rsimnellm@slate.com,Male,165.79.56.244
24,Mia,Twinborne,mtwinbornen@webeden.co.uk,Female,247.84.199.16
25,Nedi,Neilson,nneilsono@webs.com,Female,15.145.5.113
26,Candra,Bram,cbramp@purevolume.com,Female,35.109.234.176
27,Gordie,L'Amie,glamieq@aboutads.info,Male,87.98.239.52
28,Guilbert,Blackford,gblackfordr@domainmarket.com,Male,154.199.158.66
29,Vincenz,Morrallee,vmorrallees@lulu.com,Male,106.227.72.28
30,Erich,Banham,ebanhamt@weibo.com,Male,61.88.146.56
31,Domeniga,O'Ruane,doruaneu@hibu.com,Female,199.195.96.14
32,El,Bernardon,ebernardonv@bloglines.com,Male,211.102.252.4
33,Bran,Gregorowicz,bgregorowiczw@typepad.com,Male,63.181.66.72
34,Genni,Mangin,gmanginx@oakley.com,Female,9.252.113.84
35,Clifford,Sigge,csiggey@w3.org,Male,251.110.19.235
36,Anett,Saur,asaurz@epa.gov,Female,225.153.243.52
37,Cort,Blowfelde,cblowfelde10@drupal.org,Male,38.4.36.145
38,Alyse,Willans,awillans11@pinterest.com,Female,172.35.248.193
39,Elinor,Hamal,ehamal12@cyberchimps.com,Female,197.213.198.183
40,Stanwood,Fall,sfall13@auda.org.au,Male,170.93.118.5
41,Alexine,D'Ambrosio,adambrosio14@techcrunch.com,Female,170.57.43.229
42,Trixi,Vise,tvise15@zimbio.com,Female,105.99.139.70
43,Forester,Bowley,fbowley16@shutterfly.com,Male,106.203.212.119
44,Randa,Mattersey,rmattersey17@biglobe.ne.jp,Female,2.94.154.2
45,Cornell,Kitchingman,ckitchingman18@vk.com,Male,34.123.195.204
46,Karel,Tallant,ktallant19@biglobe.ne.jp,Male,85.219.233.137
47,Veronique,Charte,vcharte1a@mac.com,Female,87.228.18.101
48,Pansie,Hugh,phugh1b@yandex.ru,Female,154.3.55.1
49,Karel,McCarthy,kmccarthy1c@unc.edu,Male,33.126.202.148
50,Cosme,Yakuntsov,cyakuntsov1d@behance.net,Male,26.108.137.47
51,Algernon,Smallshaw,asmallshaw1e@reddit.com,Male,18.90.174.58
52,Amalea,Habbema,ahabbema1f@gravatar.com,Female,72.67.78.76
53,Melli,Brauner,mbrauner1g@mediafire.com,Female,74.82.243.191
54,Kelila,Bodsworth,kbodsworth1h@geocities.com,Female,47.54.123.12
55,Yorker,Tondeur,ytondeur1i@nature.com,Male,21.127.208.108
56,Nevsa,Callaway,ncallaway1j@independent.co.uk,Female,64.54.27.239
57,Curtice,Byne,cbyne1k@goo.gl,Male,56.101.202.119
58,Horten,McCumskay,hmccumskay1l@deliciousdays.com,Male,254.33.53.233
59,Verla,Ortler,vortler1m@narod.ru,Female,83.2.116.25
60,Jimmy,Moorton,jmoorton1n@yelp.com,Male,161.227.74.21
61,Woodrow,Osichev,wosichev1o@macromedia.com,Male,91.202.99.31
62,Torrence,Addess,taddess1p@barnesandnoble.com,Agender,233.86.203.75
63,Hashim,Playfoot,hplayfoot1q@ycombinator.com,Male,120.185.191.18
64,Kassi,Baddam,kbaddam1r@angelfire.com,Female,125.5.119.190
65,Kinny,Nisbith,knisbith1s@bluehost.com,Male,121.4.53.110
66,Benoite,Cheese,bcheese1t@naver.com,Female,39.26.83.167
67,Perkin,Josling,pjosling1u@wiley.com,Male,197.217.27.52
68,Federico,Kenington,fkenington1v@nsw.gov.au,Male,222.222.123.143
69,Cathleen,Gerring,cgerring1w@cmu.edu,Female,79.112.116.77
70,Miller,Fynn,mfynn1x@wsj.com,Male,79.209.45.187
71,Brenda,Halsworth,bhalsworth1y@dagondesign.com,Female,198.88.210.155
72,Catharine,Tidder,ctidder1z@seattletimes.com,Female,9.160.59.107
73,Alexandra,Minor,aminor20@naver.com,Female,0.174.248.23
74,Carey,O'Luney,coluney21@epa.gov,Female,60.67.160.242
75,Shoshanna,Kaas,skaas22@twitter.com,Female,82.197.8.59
76,Karoly,Harmar,kharmar23@wsj.com,Male,213.158.196.154
77,Meridith,Kibbey,mkibbey24@xinhuanet.com,Female,81.101.194.119
78,Margaretta,Papaccio,mpapaccio25@exblog.jp,Female,104.193.0.35
79,Porter,Jellard,pjellard26@com.com,Male,238.198.128.115
80,Teirtza,De la Yglesia,tdelayglesia27@fema.gov,Female,45.181.96.91
81,Cos,Grantham,cgrantham28@rediff.com,Male,152.144.128.134
82,Harald,Fludgate,hfludgate29@mayoclinic.com,Male,135.82.8.26
83,Emmalee,Hilldrup,ehilldrup2a@facebook.com,Female,165.145.248.249
84,Sayre,Mewburn,smewburn2b@npr.org,Male,98.198.48.203
85,Kearney,Yates,kyates2c@pbs.org,Male,114.122.14.127
86,Ann-marie,Middlemiss,amiddlemiss2d@ihg.com,Female,162.40.205.147
87,Miles,Wais,mwais2e@arstechnica.com,Male,179.21.230.176
88,Angelia,Inch,ainch2f@fda.gov,Female,130.30.50.67
89,Karole,Roberto,kroberto2g@sfgate.com,Female,128.252.213.94
90,Brittany,Osselton,bosselton2h@ihg.com,Female,152.184.64.93
91,Kyle,Racher,kracher2i@prlog.org,Male,20.201.196.213
92,Ira,Pinchon,ipinchon2j@mozilla.com,Female,5.251.245.166
93,Florance,Queen,fqueen2k@gmpg.org,Female,7.115.229.88
94,Fey,Lomis,flomis2l@yellowpages.com,Female,185.39.233.35
95,Reg,Pastor,rpastor2m@spotify.com,Male,194.148.85.240
96,Leora,Caulton,lcaulton2n@hostgator.com,Female,196.10.93.41
97,Willdon,Zanussii,wzanussii2o@msn.com,Male,229.128.144.147
98,Hogan,Cassells,hcassells2p@aol.com,Male,224.72.89.210
99,Lucian,Eliasen,leliasen2q@illinois.edu,Male,114.26.179.164
100,Norrie,Deboo,ndeboo2r@latimes.com,Male,48.29.21.23
